index,거래일,거래금액,m2당가격,전용면적,구주소,도로명주소,아파트,층,건축년도,법정동,지역코드,가격지수비율,환산가격,환산m2당가격,위경도,위도,경도
0,2017-05-14,75500,888.863,84.94,논현동 105-4,도산대로46길 21  ,한진로즈힐,2,2004,논현동,11680,0.6466666666666666,116752.577,1374.53,"{'lat': '37.5207174115373', 'lng': '127.037147426481'}",37.5207174115373,127.037147426481
1,2019-02-08,162000,3199.052,50.64,개포동 141,개포로 310  ,개포주공1단지,2,1982,개포동,11680,0.704,230113.636,4544.108,"{'lat': '37.4784893722905', 'lng': '127.061614360667'}",37.4784893722905,127.061614360667
2,2018-08-13,133000,1565.996,84.93,일원동 719,일원로14길 25  ,푸른마을아파트101동~111동,7,1994,일원동,11680,0.7033333333333334,189099.526,2226.534,"{'lat': '37.4838701188972', 'lng': '127.0808707438'}",37.4838701188972,127.0808707438
3,2018-03-09,175000,3531.073,49.56,개포동 141,선릉로 7  ,개포주공1단지,4,1982,개포동,11680,0.68,257352.941,5192.755,"{'lat': '37.4784893722905', 'lng': '127.061614360667'}",37.4784893722905,127.061614360667
4,2017-03-30,118200,1414.552,83.56,대치동 66,영동대로 210  ,"쌍용대치아파트1동,2동,3동,5동,6동",1,1983,대치동,11680,0.642,184112.15,2203.353,"{'lat': '37.4980831440783', 'lng': '127.071219190993'}",37.4980831440783,127.071219190993
5,2017-12-23,70800,1791.951,39.51,수서동 736,광평로47길 17  ,신동아,10,1992,수서동,11680,0.666,106306.306,2690.618,"{'lat': '37.4870725721397', 'lng': '127.098442914101'}",37.4870725721397,127.098442914101
6,2019-11-29,475000,2414.845,196.7,압구정동 456,압구정로 201  ,"현대7차(73~77,82,85동)",11,1979,압구정동,11680,0.7353333333333333,645965.549,3284.014,"{'lat': '37.5299339057353', 'lng': '127.028904583335'}",37.5299339057353,127.028904583335
7,2017-02-25,260000,1610.206,161.47,대치동 670,선릉로 206  ,동부센트레빌,25,2005,대치동,11680,0.6393333333333334,406673.618,2518.571,"{'lat': '37.4927930896911', 'lng': '127.055744544281'}",37.4927930896911,127.055744544281
8,2019-05-11,131750,2210.348,59.606,역삼동 755-4,선릉로69길 20  ,e-편한세상,6,2005,역삼동,11680,0.7,188214.286,3157.64,"{'lat': '37.4987776755024', 'lng': '127.049878493722'}",37.4987776755024,127.049878493722
9,2017-05-15,209000,1483.322,140.9,압구정동 397,압구정로 113  ,미성2차,1,1987,압구정동,11680,0.6466666666666666,323195.876,2293.796,"{'lat': '37.5239469817757', 'lng': '127.018254311656'}",37.5239469817757,127.018254311656
10,2017-04-18,173000,1504.74,114.97,대치동 888,선릉로 222  ,대치아이파크,24,2008,대치동,11680,0.6426666666666667,269190.871,2341.401,"{'lat': '37.4950567005784', 'lng': '127.054562708884'}",37.4950567005784,127.054562708884
11,2017-01-11,87500,1461.139,59.8848,역삼동 754-1,언주로 332  ,역삼푸르지오,21,2006,역삼동,11680,0.6393333333333334,136861.314,2285.41,"{'lat': '37.4977533273856', 'lng': '127.046780606935'}",37.4977533273856,127.046780606935
12,2022-05-06,45300,1029.779,43.99,역삼동 824-25,강남대로84길 33  ,대우디오빌플러스,4,2004,역삼동,11680,1.1073333333333333,40909.091,929.963,"{'lat': '37.4975829773073', 'lng': '127.031110404052'}",37.4975829773073,127.031110404052
13,2018-09-07,295000,2243.687,131.48,압구정동 369-1,압구정로29길 71  ,"현대1차(12,13,21,22,31,32,33동)",7,1976,압구정동,11680,0.722,408587.258,3107.6,"{'lat': '37.5330267381014', 'lng': '127.027925536556'}",37.5330267381014,127.027925536556
14,2019-06-04,280000,1322.314,211.75,청담동 127-16,도산대로101길 15  ,상지리츠빌(127-16),6,2001,청담동,11680,0.7060000000000001,396600.567,1872.966,"{'lat': '37.5260757163824', 'lng': '127.052470346924'}",37.5260757163824,127.052470346924
15,2021-07-30,95500,2672.824,35.73,논현동 22,강남대로146길 28  ,신동아(22),10,1997,논현동,11680,1.074,88919.926,2488.663,"{'lat': '37.5147157100303', 'lng': '127.022668627156'}",37.5147157100303,127.022668627156
16,2019-05-25,100000,778.998,128.37,삼성동 117-18,봉은사로74길 5  ,현대빌라트,4,2004,삼성동,11680,0.7,142857.143,1112.855,"{'lat': '37.5120585532554', 'lng': '127.05162387436'}",37.5120585532554,127.05162387436
17,2019-05-07,149000,2483.747,59.99,일원동 741,개포로110길 50  ,래미안 개포 루체하임,12,2018,일원동,11680,0.7,212857.143,3548.21,"{'lat': '37.4893859511722', 'lng': '127.07988209455'}",37.4893859511722,127.07988209455
18,2019-11-09,58000,913.587,63.486,신사동 523-4,강남대로162길 27 26,신사동씨티빌,1,2002,신사동,11680,0.7353333333333333,78875.793,1242.412,"{'lat': '37.5210589613819', 'lng': '127.020663546272'}",37.5210589613819,127.020663546272
19,2021-08-03,84100,1121.782,74.97,자곡동 602,자곡로 175  ,엘에이치강남아이파크,2,2014,자곡동,11680,1.106,76039.783,1014.269,"{'lat': '37.4746603609888', 'lng': '127.101432102834'}",37.4746603609888,127.101432102834
20,2017-09-08,28500,949.051,30.03,역삼동 720-25,언주로 427  ,대우디오빌,8,2002,역삼동,11680,0.6653333333333333,42835.671,1426.429,"{'lat': '37.5014564802212', 'lng': '127.042688993712'}",37.5014564802212,127.042688993712
21,2020-06-16,176000,3547.028,49.619,청담동 134-38,영동대로138길 12  ,청담자이,10,2011,청담동,11680,0.8026666666666668,219269.103,4419.055,"{'lat': '37.5236003613447', 'lng': '127.057196116303'}",37.5236003613447,127.057196116303
22,2019-08-18,40000,1289.387,31.0225,청담동 122-35,도산대로85길 30  ,청담신원아침도시마인,7,2013,청담동,11680,0.718,55710.306,1795.803,"{'lat': '37.5264326441473', 'lng': '127.049667021648'}",37.5264326441473,127.049667021648
23,2017-03-06,128000,2582.728,49.56,개포동 141,선릉로 7  ,개포주공1단지,2,1982,개포동,11680,0.642,199376.947,4022.941,"{'lat': '37.4784893722905', 'lng': '127.061614360667'}",37.4784893722905,127.061614360667
24,2017-12-30,75000,1250.208,59.99,세곡동 579,헌릉로571길 20  ,강남엘에이치1단지,1,2013,세곡동,11680,0.666,112612.613,1877.19,"{'lat': '37.4667907761882', 'lng': '127.10286961908'}",37.4667907761882,127.10286961908
25,2021-08-19,270000,3197.915,84.43,대치동 316,삼성로 212  ,은마,12,1979,대치동,11680,1.106,244122.966,2891.424,"{'lat': '37.4974180026259', 'lng': '127.065327020175'}",37.4974180026259,127.065327020175
26,2020-06-27,240000,2075.586,115.63,도곡동 467-17,언주로30길 57  ,타워팰리스2,28,2003,도곡동,11680,0.8026666666666668,299003.322,2585.863,"{'lat': '37.4897107879722', 'lng': '127.054490523453'}",37.4897107879722,127.054490523453
27,2017-08-02,117000,1376.471,85.0,청담동 127-31,도산대로101길 29  ,청담현대3차아파트,7,1999,청담동,11680,0.6646666666666667,176028.084,2070.919,"{'lat': '37.5269242818661', 'lng': '127.053071210331'}",37.5269242818661,127.053071210331
28,2020-12-28,225000,3024.194,74.4,압구정동 397,압구정로 113  ,미성2차,10,1987,압구정동,11680,0.9013333333333332,249630.178,3355.244,"{'lat': '37.5239469817757', 'lng': '127.018254311656'}",37.5239469817757,127.018254311656
29,2017-05-23,128000,2527.646,50.64,개포동 141,개포로 310  ,개포주공1단지,2,1982,개포동,11680,0.6466666666666666,197938.144,3908.731,"{'lat': '37.4784893722905', 'lng': '127.061614360667'}",37.4784893722905,127.061614360667
30,2017-12-28,85000,1003.66,84.69,대치동 910-5,역삼로 438  ,풍림아이원1차103동(910-5),6,2003,대치동,11680,0.666,127627.628,1506.998,"{'lat': '37.5017062540884', 'lng': '127.055065152882'}",37.5017062540884,127.055065152882
31,2021-01-22,412500,1686.013,244.66,도곡동 462-2,남부순환로378길 11  ,로덴하우스웨스트빌리지,7,2009,도곡동,11680,0.932,442596.567,1809.027,"{'lat': '37.4854795908144', 'lng': '127.046411249186'}",37.4854795908144,127.046411249186
32,2018-02-07,195000,1238.803,157.41,논현동 245,언주로130길 30  ,동양파라곤,3,2004,논현동,11680,0.6766666666666666,288177.34,1830.744,"{'lat': '37.5147469578798', 'lng': '127.038136684255'}",37.5147469578798,127.038136684255
33,2019-09-11,280000,5557.761,50.38,개포동 141,개포로 310  ,개포주공1단지,2,1982,개포동,11680,0.7213333333333334,388170.055,7704.844,"{'lat': '37.4784893722905', 'lng': '127.061614360667'}",37.4784893722905,127.061614360667
34,2019-10-03,160000,2025.573,78.99,도곡동 463-1,언주로29길 34  ,우성사원5,4,1986,도곡동,11680,0.728,219780.22,2782.38,"{'lat': '37.4859710758229', 'lng': '127.047581472593'}",37.4859710758229,127.047581472593
35,2020-06-15,115000,2323.232,49.5,수서동 746,광평로19길 10  ,까치마을,6,1993,수서동,11680,0.8026666666666668,143272.425,2894.392,"{'lat': '37.4847340598121', 'lng': '127.087618357538'}",37.4847340598121,127.087618357538
36,2017-10-18,134200,1747.623,76.79,대치동 316,삼성로 212  ,은마,13,1979,대치동,11680,0.668,200898.204,2616.203,"{'lat': '37.4974180026259', 'lng': '127.065327020175'}",37.4974180026259,127.065327020175
37,2019-06-13,93500,2977.517,31.402,삼성동 16-2,학동로68길 29  ,삼성동힐스테이트 1단지,10,2008,삼성동,11680,0.7060000000000001,132436.261,4217.447,"{'lat': '37.5163123563071', 'lng': '127.048472953744'}",37.5163123563071,127.048472953744
38,2017-03-07,108200,1002.687,107.91,대치동 893,삼성로85길 11  ,롯데캐슬,4,2002,대치동,11680,0.642,168535.826,1561.818,"{'lat': '37.5047556849693', 'lng': '127.056448643486'}",37.5047556849693,127.056448643486
39,2020-04-16,184000,4324.324,42.55,개포동 141,개포로 310  ,개포주공1단지,2,1982,개포동,11680,0.7753333333333333,237317.283,5577.374,"{'lat': '37.4784893722905', 'lng': '127.061614360667'}",37.4784893722905,127.061614360667
40,2019-10-05,35800,858.925,41.68,역삼동 706-20,언주로86길 11  ,한화진넥스빌,18,2001,역삼동,11680,0.728,49175.824,1179.842,"{'lat': '37.5019559669632', 'lng': '127.044242152066'}",37.5019559669632,127.044242152066
41,2017-05-09,124000,1155.638,107.3,청담동 102-2,압구정로71길 30 11,연세힐하우스1,8,2003,청담동,11680,0.6466666666666666,191752.577,1787.07,"{'lat': '37.5284886833623', 'lng': '127.047368851488'}",37.5284886833623,127.047368851488
42,2020-02-19,230000,2705.933,84.9984,도곡동 527,선릉로 221  ,도곡렉슬,7,2006,도곡동,11680,0.7646666666666667,300784.656,3538.71,"{'lat': '37.4935418220116', 'lng': '127.050547158351'}",37.4935418220116,127.050547158351
43,2017-02-17,138500,2384.642,58.08,개포동 141,개포로 310  ,개포주공1단지,5,1982,개포동,11680,0.6393333333333334,216631.908,3729.888,"{'lat': '37.4784893722905', 'lng': '127.061614360667'}",37.4784893722905,127.061614360667
44,2019-09-20,280000,1743.896,160.56,도곡동 467-17,언주로30길 57  ,타워팰리스2,5,2003,도곡동,11680,0.7213333333333334,388170.055,2417.601,"{'lat': '37.4897107879722', 'lng': '127.054490523453'}",37.4897107879722,127.054490523453
45,2019-05-31,125000,1160.093,107.75,신사동 622-1,언주로167길 9  ,압구정케이씨씨(622-1),4,2004,신사동,11680,0.7,178571.429,1657.275,"{'lat': '37.5261273367855', 'lng': '127.032437605375'}",37.5261273367855,127.032437605375
46,2018-07-23,228000,2683.3,84.97,대치동 1027,삼성로51길 37  ,래미안대치팰리스,19,2015,대치동,11680,0.6873333333333332,331716.78,3903.928,"{'lat': '37.4942977651239', 'lng': '127.058003438015'}",37.4942977651239,127.058003438015
47,2020-07-28,115000,1355.014,84.87,논현동 103,도산대로50길 43  ,쌍용,4,1996,논현동,11680,0.83,138554.217,1632.546,"{'lat': '37.5196304885538', 'lng': '127.038130798745'}",37.5196304885538,127.038130798745
48,2020-11-28,155000,1826.968,84.84,세곡동 579,헌릉로571길 20  ,강남엘에이치1단지,6,2013,세곡동,11680,0.8806666666666666,176003.028,2074.529,"{'lat': '37.4667907761882', 'lng': '127.10286961908'}",37.4667907761882,127.10286961908
49,2020-12-09,168500,1620.037,104.01,도곡동 869,논현로 218  ,삼익,10,1983,도곡동,11680,0.9013333333333332,186945.266,1797.378,"{'lat': '37.4907926735889', 'lng': '127.042278226131'}",37.4907926735889,127.042278226131
50,2019-09-22,230000,2787.879,82.5,압구정동 443,압구정로39길 58  ,현대3차(61~64동),12,1976,압구정동,11680,0.7213333333333334,318853.974,3864.897,"{'lat': '37.5312605498424', 'lng': '127.026959142327'}",37.5312605498424,127.026959142327
51,2020-07-04,129500,1732.673,74.74,세곡동 533,자곡로 21  ,세곡푸르지오,9,2012,세곡동,11680,0.83,156024.096,2087.558,"{'lat': '37.4667793397486', 'lng': '127.092967002535'}",37.4667793397486,127.092967002535
52,2021-01-09,225000,2727.273,82.5,압구정동 443,압구정로39길 58  ,현대3차(61~64동),2,1976,압구정동,11680,0.932,241416.309,2926.258,"{'lat': '37.5312605498424', 'lng': '127.026959142327'}",37.5312605498424,127.026959142327
53,2021-04-06,217500,2832.4,76.79,대치동 316,삼성로 212  ,은마,8,1979,대치동,11680,0.9879999999999999,220141.7,2866.802,"{'lat': '37.4974180026259', 'lng': '127.065327020175'}",37.4974180026259,127.065327020175
54,2017-06-14,117000,1602.301,73.02,개포동 185,개포로 516  ,개포주공6단지,1,1983,개포동,11680,0.6539999999999999,178899.083,2450.001,"{'lat': '37.4888762938306', 'lng': '127.071667715752'}",37.4888762938306,127.071667715752
55,2020-09-25,74000,1138.286,65.01,신사동 551-5,논현로159길 56  ,하야트빌,2,2005,신사동,11680,0.8526666666666667,86786.552,1334.972,"{'lat': '37.5218442295287', 'lng': '127.023780855559'}",37.5218442295287,127.023780855559
56,2017-05-26,106000,1295.21,81.84,청담동 30-33,학동로77길 27  ,청담대림이-편한세상,10,2002,청담동,11680,0.6466666666666666,163917.526,2002.902,"{'lat': '37.5205048036403', 'lng': '127.047836421504'}",37.5205048036403,127.047836421504
57,2021-07-08,218000,3634.436,59.9818,도곡동 527,선릉로 221  ,도곡렉슬,14,2006,도곡동,11680,1.074,202979.516,3384.018,"{'lat': '37.4935418220116', 'lng': '127.050547158351'}",37.4935418220116,127.050547158351
58,2017-03-10,72000,1408.451,51.12,개포동 12,개포로109길 21  ,삼익대청아파트,10,1992,개포동,11680,0.642,112149.533,2193.848,"{'lat': '37.4941848052623', 'lng': '127.075215384158'}",37.4941848052623,127.075215384158
59,2017-09-24,173000,1442.982,119.8906,도곡동 527,선릉로 221  ,도곡렉슬,13,2006,도곡동,11680,0.6653333333333333,260020.04,2168.811,"{'lat': '37.4935418220116', 'lng': '127.050547158351'}",37.4935418220116,127.050547158351
60,2017-05-05,47000,795.599,59.075,논현동 196,강남대로112길 41  ,거평프리젠,11,1996,논현동,11680,0.6466666666666666,72680.412,1230.307,"{'lat': '37.5063698187338', 'lng': '127.02763715364'}",37.5063698187338,127.02763715364
61,2017-07-01,142000,1670.62,84.9984,도곡동 527,선릉로 221  ,도곡렉슬,6,2006,도곡동,11680,0.662,214501.511,2523.595,"{'lat': '37.4935418220116', 'lng': '127.050547158351'}",37.4935418220116,127.050547158351
62,2017-07-14,140000,1669.449,83.86,도곡동 464,언주로 123  ,한신(개포),6,1985,도곡동,11680,0.662,211480.363,2521.826,"{'lat': '37.4868899273565', 'lng': '127.048897057659'}",37.4868899273565,127.048897057659
63,2019-09-06,182000,2492.468,73.02,개포동 185,개포로 516  ,개포주공6단지,13,1983,개포동,11680,0.7213333333333334,252310.536,3455.362,"{'lat': '37.4888762938306', 'lng': '127.071667715752'}",37.4888762938306,127.071667715752
64,2017-06-04,98000,1241.606,78.93,개포동 179,개포로 411  ,우성8,9,1987,개포동,11680,0.6539999999999999,149847.095,1898.481,"{'lat': '37.4881845388175', 'lng': '127.06238827098'}",37.4881845388175,127.06238827098
65,2021-11-20,46000,1055.53,43.58,역삼동 706-20,언주로86길 11  ,한화진넥스빌,17,2001,역삼동,11680,1.1333333333333333,40588.235,931.35,"{'lat': '37.5019559669632', 'lng': '127.044242152066'}",37.5019559669632,127.044242152066
66,2017-06-01,117000,1523.636,76.79,대치동 316,삼성로 212  ,은마,14,1979,대치동,11680,0.6539999999999999,178899.083,2329.718,"{'lat': '37.4974180026259', 'lng': '127.065327020175'}",37.4974180026259,127.065327020175
67,2019-10-16,98000,1636.333,59.89,세곡동 533,자곡로 21  ,세곡푸르지오,10,2012,세곡동,11680,0.728,134615.385,2247.711,"{'lat': '37.4667793397486', 'lng': '127.092967002535'}",37.4667793397486,127.092967002535
68,2019-04-02,70750,2132.309,33.18,수서동 736,광평로47길 17  ,신동아,6,1992,수서동,11680,0.6986666666666667,101264.313,3051.968,"{'lat': '37.4870725721397', 'lng': '127.098442914101'}",37.4870725721397,127.098442914101
69,2019-08-17,122700,1088.248,112.75,도곡동 957-11,남부순환로 2615  ,도곡스타클래스,10,2007,도곡동,11680,0.718,170891.365,1515.666,"{'lat': '37.4851446066305', 'lng': '127.035756944152'}",37.4851446066305,127.035756944152
70,2017-06-02,160000,1896.858,84.35,대치동 506,삼성로 151  ,선경1차(1동-7동),7,1983,대치동,11680,0.6539999999999999,244648.318,2900.395,"{'lat': '37.4921265332679', 'lng': '127.062565123948'}",37.4921265332679,127.062565123948
71,2018-02-13,69700,1416.667,49.2,수서동 708,광평로51길 27  ,삼익,15,1992,수서동,11680,0.6766666666666666,103004.926,2093.596,"{'lat': '37.4891612481309', 'lng': '127.100945930371'}",37.4891612481309,127.100945930371
72,2017-04-22,98000,1601.569,61.19,개포동 187,삼성로4길 17  ,개포주공5단지,13,1983,개포동,11680,0.6426666666666667,152489.627,2492.068,"{'lat': '37.4876228868467', 'lng': '127.068503584968'}",37.4876228868467,127.068503584968
73,2020-12-03,100000,3013.864,33.18,개포동 12,개포로109길 9  ,성원대치2단지아파트,6,1992,개포동,11680,0.9013333333333332,110946.746,3343.784,"{'lat': '37.4941848052623', 'lng': '127.075215384158'}",37.4941848052623,127.075215384158
74,2019-11-02,42000,954.762,43.99,역삼동 824-25,강남대로84길 33  ,대우디오빌플러스,7,2004,역삼동,11680,0.7353333333333333,57116.954,1298.408,"{'lat': '37.4975829773073', 'lng': '127.031110404052'}",37.4975829773073,127.031110404052
75,2019-07-25,350000,2282.361,153.35,압구정동 414,압구정로11길 17  ,미성1차,10,1982,압구정동,11680,0.7126666666666667,491113.19,3202.564,"{'lat': '37.5253062054352', 'lng': '127.020094666653'}",37.5253062054352,127.020094666653
76,2020-06-18,223000,2647.324,84.236,삼성동 50,삼성로111길 8  ,현대힐스테이트2단지,2,2008,삼성동,11680,0.8026666666666668,277823.92,3298.161,"{'lat': '37.5138589096778', 'lng': '127.051485875359'}",37.5138589096778,127.051485875359
77,2019-10-31,162800,2731.269,59.606,역삼동 755-4,선릉로69길 20  ,e-편한세상,3,2005,역삼동,11680,0.728,223626.374,3751.743,"{'lat': '37.4987776755024', 'lng': '127.049878493722'}",37.4987776755024,127.049878493722
78,2020-11-07,190000,3519.822,53.98,개포동 187,삼성로4길 17  ,개포주공5단지,7,1983,개포동,11680,0.8806666666666666,215745.647,3996.77,"{'lat': '37.4876228868467', 'lng': '127.068503584968'}",37.4876228868467,127.068503584968
79,2020-02-26,206000,1533.879,134.3,개포동 12-2,개포로109길 69  ,개포자이(12-2),7,2004,개포동,11680,0.7646666666666667,269398.431,2005.945,"{'lat': '37.4962962191109', 'lng': '127.076625397621'}",37.4962962191109,127.076625397621
80,2021-02-10,120500,864.729,139.35,논현동 192-3,논현로113길 5  ,논현동프라임,4,2004,논현동,11680,0.9553333333333334,126133.985,905.16,"{'lat': '37.5081771663548', 'lng': '127.032832479505'}",37.5081771663548,127.032832479505
81,2017-08-01,120000,1566.58,76.6,대치동 602,남부순환로395길 10  ,선경3차,5,1990,대치동,11680,0.6646666666666667,180541.625,2356.94,"{'lat': '37.4941781606738', 'lng': '127.060948083322'}",37.4941781606738,127.060948083322
82,2020-02-17,231000,2717.698,84.9984,도곡동 527,선릉로 221  ,도곡렉슬,10,2006,도곡동,11680,0.7646666666666667,302092.415,3554.095,"{'lat': '37.4935418220116', 'lng': '127.050547158351'}",37.4935418220116,127.050547158351
83,2020-06-16,175000,2060.035,84.95,일원동 734,광평로10길 15  ,상록수,3,1993,일원동,11680,0.8026666666666668,218023.256,2566.489,"{'lat': '37.4815500818027', 'lng': '127.08209044113'}",37.4815500818027,127.08209044113
84,2017-04-29,61000,1543.132,39.53,개포동 12,개포로109길 9  ,성원대치2단지아파트,10,1992,개포동,11680,0.6426666666666667,94917.012,2401.139,"{'lat': '37.4941848052623', 'lng': '127.075215384158'}",37.4941848052623,127.075215384158
85,2017-12-26,120000,1168.566,102.69,청담동 109-16,도산대로89길 35  ,청담범신칼릭스빌2차,7,2007,청담동,11680,0.666,180180.18,1754.603,"{'lat': '37.5267329565272', 'lng': '127.051745983651'}",37.5267329565272,127.051745983651
86,2022-03-30,554000,2268.409,244.224,도곡동 467-29,언주로30길 26  ,타워팰리스3,63,2004,도곡동,11680,1.1126666666666667,497902.936,2038.714,"{'lat': '37.4873363055886', 'lng': '127.052829715042'}",37.4873363055886,127.052829715042
87,2020-08-04,150500,1771.005,84.98,삼성동 52-9,학동로82길 6  ,삼성리치빌1,5,2003,삼성동,11680,0.8453333333333333,178036.278,2095.037,"{'lat': '37.518529686768', 'lng': '127.051129370461'}",37.518529686768,127.051129370461
88,2020-06-20,220000,2608.211,84.349,삼성동 16-2,학동로68길 29  ,삼성동힐스테이트 1단지,3,2008,삼성동,11680,0.8026666666666668,274086.379,3249.432,"{'lat': '37.5163123563071', 'lng': '127.048472953744'}",37.5163123563071,127.048472953744
89,2017-07-10,90000,1065.593,84.46,수서동 738,광평로39길 3  ,동익,11,1993,수서동,11680,0.662,135951.662,1609.657,"{'lat': '37.485322064615', 'lng': '127.096512817155'}",37.485322064615,127.096512817155
90,2021-10-21,250000,2951.942,84.69,대치동 63,영동대로 230  ,"대치우성아파트1동,2동,3동,5동,6동,7동",3,1984,대치동,11680,1.1433333333333333,218658.892,2581.874,"{'lat': '37.5002337297672', 'lng': '127.069139134413'}",37.5002337297672,127.069139134413
91,2017-12-28,190500,1388.079,137.24,도곡동 467,언주로30길 56  ,타워팰리스1,28,2002,도곡동,11680,0.666,286036.036,2084.203,"{'lat': '37.4882232479436', 'lng': '127.054439125962'}",37.4882232479436,127.054439125962
92,2019-09-24,63000,1058.735,59.505,역삼동 720-25,언주로 427  ,대우디오빌,26,2002,역삼동,11680,0.7213333333333334,87338.262,1467.747,"{'lat': '37.5014564802212', 'lng': '127.042688993712'}",37.5014564802212,127.042688993712
93,2017-09-23,95000,1118.042,84.97,수서동 747,광평로31길 27  ,삼성,2,1997,수서동,11680,0.6653333333333333,142785.571,1680.423,"{'lat': '37.4848961854277', 'lng': '127.090677682629'}",37.4848961854277,127.090677682629
94,2017-07-07,165000,1506.987,109.49,청담동 134-15,학동로 609  ,청담삼익아파트,7,1980,청담동,11680,0.662,249244.713,2276.415,"{'lat': '37.5233191738916', 'lng': '127.059176603682'}",37.5233191738916,127.059176603682
95,2019-06-01,192700,2282.364,84.43,대치동 316,삼성로 212  ,은마,4,1979,대치동,11680,0.7060000000000001,272946.176,3232.81,"{'lat': '37.4974180026259', 'lng': '127.065327020175'}",37.4974180026259,127.065327020175
96,2017-09-24,138500,1428.13,96.98,개포동 649,언주로 110  ,경남1,8,1984,개포동,11680,0.6653333333333333,208166.333,2146.487,"{'lat': '37.4845150908032', 'lng': '127.054173895409'}",37.4845150908032,127.054173895409
97,2020-06-30,150000,2500.0,60.0,개포동 12,개포로109길 21  ,삼익대청아파트,8,1992,개포동,11680,0.8026666666666668,186877.076,3114.618,"{'lat': '37.4941848052623', 'lng': '127.075215384158'}",37.4941848052623,127.075215384158
98,2017-12-09,117500,1576.335,74.54,일원동 734,광평로10길 15  ,상록수,5,1993,일원동,11680,0.666,176426.426,2366.869,"{'lat': '37.4815500818027', 'lng': '127.08209044113'}",37.4815500818027,127.08209044113
99,2019-06-20,179000,2213.429,80.87,역삼동 757,선릉로69길 19  ,역삼래미안,6,2005,역삼동,11680,0.7060000000000001,253541.076,3135.168,"{'lat': '37.4975161048325', 'lng': '127.050048075024'}",37.4975161048325,127.050048075024
100,2017-04-05,150500,949.048,158.58,역삼동 713-7,역삼로 309  ,래미안펜타빌,9,2007,역삼동,11680,0.6426666666666667,234180.498,1476.734,"{'lat': '37.5006993173268', 'lng': '127.047532688276'}",37.5006993173268,127.047532688276
101,2017-05-08,165000,1366.346,120.76,대치동 65,영동대로 220  ,쌍용대치2,5,1983,대치동,11680,0.6466666666666666,255154.639,2112.907,"{'lat': '37.4994725764941', 'lng': '127.070483284674'}",37.4994725764941,127.070483284674
102,2020-06-16,159500,1996.495,79.89,도곡동 462,남부순환로 2740  ,럭키(462),5,1986,도곡동,11680,0.8026666666666668,198712.625,2487.328,"{'lat': '37.4861679233808', 'lng': '127.046277688522'}",37.4861679233808,127.046277688522
103,2019-03-28,24033,1089.932,22.05,논현동 9-2,도산대로24길 19  ,논현인텔(9-2),5,1996,논현동,11680,0.6993333333333334,34365.586,1558.53,"{'lat': '37.5176731815421', 'lng': '127.026882085288'}",37.5176731815421,127.026882085288
104,2018-04-19,42000,1157.344,36.29,논현동 58-2,학동로 165  ,마일스디오빌,15,2004,논현동,11680,0.6819999999999999,61583.578,1696.985,"{'lat': '37.513885429675', 'lng': '127.028885611445'}",37.513885429675,127.028885611445
105,2020-06-09,305000,3227.855,94.49,대치동 1027,삼성로51길 37  ,래미안대치팰리스,2,2015,대치동,11680,0.8026666666666668,379983.389,4021.414,"{'lat': '37.4942977651239', 'lng': '127.058003438015'}",37.4942977651239,127.058003438015
106,2018-10-16,104000,1735.068,59.94,일원동 711,양재대로55길 12  ,수서,12,1992,일원동,11680,0.7253333333333333,143382.353,2392.098,"{'lat': '37.4926342499883', 'lng': '127.090283572636'}",37.4926342499883,127.090283572636
107,2020-06-09,285000,2255.996,126.33,대치동 511,삼성로 150  ,한보미도맨션2,12,1985,대치동,11680,0.8026666666666668,355066.445,2810.626,"{'lat': '37.4933931510549', 'lng': '127.067350014658'}",37.4933931510549,127.067350014658
108,2017-11-18,103000,1214.193,84.83,도곡동 934-10,남부순환로363길 49  ,도곡우성아파트,7,1986,도곡동,11680,0.6666666666666666,154500.0,1821.29,"{'lat': '37.4881982448773', 'lng': '127.037115148391'}",37.4881982448773,127.037115148391
109,2017-09-22,115000,1068.773,107.6,일원동 615-1,개포로110길 43  ,개포한신,4,1984,일원동,11680,0.6653333333333333,172845.691,1606.373,"{'lat': '37.4912703447695', 'lng': '127.07930741151'}",37.4912703447695,127.07930741151
110,2017-08-31,93000,1096.052,84.85,대치동 975-20,영동대로65길 57  ,세영팔레스타운,7,2002,대치동,11680,0.6646666666666667,139919.759,1649.025,"{'lat': '37.5007528030374', 'lng': '127.062160783623'}",37.5007528030374,127.062160783623
111,2020-08-12,102000,2581.625,39.51,수서동 736,광평로47길 17  ,신동아,4,1992,수서동,11680,0.8453333333333333,120662.461,3053.973,"{'lat': '37.4870725721397', 'lng': '127.098442914101'}",37.4870725721397,127.098442914101
112,2018-04-14,298000,1846.802,161.36,대치동 511,삼성로 150  ,한보미도맨션1,11,1983,대치동,11680,0.6819999999999999,436950.147,2707.921,"{'lat': '37.4933931510549', 'lng': '127.067350014658'}",37.4933931510549,127.067350014658
113,2021-02-22,184000,1429.237,128.74,도곡동 467-7,언주로30길 21  ,아카데미스위트1,32,2004,도곡동,11680,0.9553333333333334,192602.931,1496.061,"{'lat': '37.4886726430993', 'lng': '127.052102242886'}",37.4886726430993,127.052102242886
114,2018-10-08,125000,1479.115,84.51,도곡동 551-28,도곡로14길 12  ,롯데캐슬모닝,2,2003,도곡동,11680,0.7253333333333333,172334.559,2039.221,"{'lat': '37.490246269916', 'lng': '127.036716441898'}",37.490246269916,127.036716441898
115,2020-11-27,285000,2617.561,108.88,압구정동 426,압구정로 151  ,신현대9차,9,1982,압구정동,11680,0.8806666666666666,323618.471,2972.249,"{'lat': '37.5262225982289', 'lng': '127.024479347433'}",37.5262225982289,127.024479347433
116,2019-04-18,162000,982.592,164.87,도곡동 467-7,언주로30길 21  ,아카데미스위트1,35,2004,도곡동,11680,0.6986666666666667,231870.229,1406.382,"{'lat': '37.4886726430993', 'lng': '127.052102242886'}",37.4886726430993,127.052102242886
117,2020-05-28,310000,1923.316,161.18,압구정동 369-1,압구정로29길 71  ,"현대1차(12,13,21,22,31,32,33동)",12,1976,압구정동,11680,0.782,396419.437,2459.483,"{'lat': '37.5330267381014', 'lng': '127.027925536556'}",37.5330267381014,127.027925536556
118,2019-12-28,150000,1766.368,84.92,청담동 23,선릉로 748  ,현대아파트,3,1988,청담동,11680,0.7433333333333333,201793.722,2376.28,"{'lat': '37.521439510313', 'lng': '127.040599588136'}",37.521439510313,127.040599588136
119,2017-12-04,257000,1823.989,140.9,압구정동 397,압구정로 113  ,미성2차,16,1987,압구정동,11680,0.666,385885.886,2738.722,"{'lat': '37.5239469817757', 'lng': '127.018254311656'}",37.5239469817757,127.018254311656
120,2017-08-01,128000,1520.046,84.208,논현동 276-1,언주로 604  ,아크로힐스논현,15,2014,논현동,11680,0.6646666666666667,192577.733,2286.929,"{'lat': '37.5095251011602', 'lng': '127.038954823034'}",37.5095251011602,127.038954823034
121,2019-05-30,170000,2213.83,76.79,대치동 316,삼성로 212  ,은마,3,1979,대치동,11680,0.7,242857.143,3162.614,"{'lat': '37.4974180026259', 'lng': '127.065327020175'}",37.4974180026259,127.065327020175
122,2019-07-19,190000,1413.291,134.438,일원동 718,일원로 120  ,샘터마을,7,1994,일원동,11680,0.7126666666666667,266604.303,1983.102,"{'lat': '37.4842754486616', 'lng': '127.082612734524'}",37.4842754486616,127.082612734524
123,2017-06-08,170000,2000.706,84.97,대치동 1027,삼성로51길 37  ,래미안대치팰리스,34,2015,대치동,11680,0.6539999999999999,259938.838,3059.184,"{'lat': '37.4942977651239', 'lng': '127.058003438015'}",37.4942977651239,127.058003438015
124,2018-01-18,129000,2154.309,59.88,대치동 1014-3,도곡로78길 22  ,대치삼성,12,2000,대치동,11680,0.6713333333333333,192154.916,3209.0,"{'lat': '37.4963870034067', 'lng': '127.058401866149'}",37.4963870034067,127.058401866149
125,2020-08-18,235000,2789.781,84.236,삼성동 50,삼성로111길 8  ,현대힐스테이트2단지,14,2008,삼성동,11680,0.8453333333333333,277996.845,3300.214,"{'lat': '37.5138589096778', 'lng': '127.051485875359'}",37.5138589096778,127.051485875359
126,2021-04-01,179000,1215.95,147.21,도곡동 949-2,강남대로 272  ,도곡푸르지오102동,4,2006,도곡동,11680,0.9879999999999999,181174.089,1230.719,"{'lat': '37.4877749366651', 'lng': '127.032908125549'}",37.4877749366651,127.032908125549
127,2017-04-05,129000,2560.54,50.38,개포동 141,개포로 310  ,개포주공1단지,5,1982,개포동,11680,0.6426666666666667,200726.141,3984.243,"{'lat': '37.4784893722905', 'lng': '127.061614360667'}",37.4784893722905,127.061614360667
128,2019-10-01,203500,2410.281,84.43,대치동 316,삼성로 212  ,은마,5,1979,대치동,11680,0.728,279532.967,3310.825,"{'lat': '37.4974180026259', 'lng': '127.065327020175'}",37.4974180026259,127.065327020175
129,2017-02-17,184000,1747.222,105.31,압구정동 448,압구정로29길 23  ,현대13차(208~211동),3,1983,압구정동,11680,0.6393333333333334,287799.791,2732.882,"{'lat': '37.530233501672', 'lng': '127.027336644402'}",37.530233501672,127.027336644402
130,2019-05-11,130000,2179.38,59.65,역삼동 757,선릉로69길 19  ,역삼래미안,17,2005,역삼동,11680,0.7,185714.286,3113.4,"{'lat': '37.4975161048325', 'lng': '127.050048075024'}",37.4975161048325,127.050048075024
131,2018-01-12,72000,1200.4,59.98,율현동 365,밤고개로26길 50  ,강남한신휴플러스6단지,2,2015,율현동,11680,0.6713333333333333,107249.255,1788.084,"{'lat': '37.4676629031825', 'lng': '127.105382016412'}",37.4676629031825,127.105382016412
132,2020-02-22,86000,2151.076,39.98,일원동 711,양재대로55길 12  ,수서,10,1992,일원동,11680,0.7646666666666667,112467.306,2813.089,"{'lat': '37.4926342499883', 'lng': '127.090283572636'}",37.4926342499883,127.090283572636
133,2019-06-12,129000,2171.717,59.4,역삼동 757,선릉로69길 19  ,역삼래미안,21,2005,역삼동,11680,0.7060000000000001,182719.547,3076.087,"{'lat': '37.4975161048325', 'lng': '127.050048075024'}",37.4975161048325,127.050048075024
134,2020-05-13,349000,1983.856,175.92,압구정동 493,압구정로 347  ,한양2,6,1978,압구정동,11680,0.782,446291.56,2536.901,"{'lat': '37.5298218375736', 'lng': '127.040500612861'}",37.5298218375736,127.040500612861
135,2018-11-18,225000,1470.78,152.98,삼성동 14-1,학동로68길 30  ,삼성동중앙하이츠빌리지,1,2004,삼성동,11680,0.7186666666666667,313079.777,2046.541,"{'lat': '37.5159924090308', 'lng': '127.046227665295'}",37.5159924090308,127.046227665295
136,2022-04-26,180000,1680.515,107.11,도곡동 199-4,남부순환로373길 3  ,도곡지웰카운티101동,3,2010,도곡동,11680,1.1193333333333333,160810.006,1501.354,"{'lat': '37.4863472487183', 'lng': '127.043607221743'}",37.4863472487183,127.043607221743
137,2017-08-31,65000,1819.2,35.73,논현동 22,강남대로146길 28  ,신동아(22),11,1997,논현동,11680,0.6646666666666667,97793.38,2737.01,"{'lat': '37.5147157100303', 'lng': '127.022668627156'}",37.5147157100303,127.022668627156
138,2017-05-24,195000,1543.576,126.33,대치동 511,삼성로 150  ,한보미도맨션2,12,1985,대치동,11680,0.6466666666666666,301546.392,2386.974,"{'lat': '37.4933931510549', 'lng': '127.067350014658'}",37.4933931510549,127.067350014658
139,2018-02-10,108100,1274.163,84.84,세곡동 533,자곡로 21  ,세곡푸르지오,5,2012,세곡동,11680,0.6766666666666666,159753.695,1883.0,"{'lat': '37.4667793397486', 'lng': '127.092967002535'}",37.4667793397486,127.092967002535
140,2018-07-07,151000,1966.402,76.79,대치동 316,삼성로 212  ,은마,14,1979,대치동,11680,0.6873333333333332,219689.622,2860.914,"{'lat': '37.4974180026259', 'lng': '127.065327020175'}",37.4974180026259,127.065327020175
141,2019-10-06,74000,915.502,80.83,신사동 593-32,논현로158길 17  ,토미,6,2004,신사동,11680,0.728,101648.352,1257.557,"{'lat': '37.5222327373011', 'lng': '127.029763497543'}",37.5222327373011,127.029763497543
142,2017-05-10,136400,1619.26,84.236,삼성동 16-2,학동로68길 29  ,삼성동힐스테이트 1단지,8,2008,삼성동,11680,0.6466666666666666,210927.835,2504.011,"{'lat': '37.5163123563071', 'lng': '127.048472953744'}",37.5163123563071,127.048472953744
143,2020-10-19,324000,2681.602,120.8233,도곡동 527,선릉로 221  ,도곡렉슬,3,2006,도곡동,11680,0.8633333333333333,375289.575,3106.103,"{'lat': '37.4935418220116', 'lng': '127.050547158351'}",37.4935418220116,127.050547158351
144,2019-05-31,79500,2012.149,39.51,수서동 736,광평로47길 17  ,신동아,15,1992,수서동,11680,0.7,113571.429,2874.498,"{'lat': '37.4870725721397', 'lng': '127.098442914101'}",37.4870725721397,127.098442914101
145,2020-07-25,80000,1114.517,71.78,역삼동 826-29,테헤란로4길 32  ,역삼동우정에쉐르1,9,2004,역삼동,11680,0.83,96385.542,1342.791,"{'lat': '37.4963043323795', 'lng': '127.030170484473'}",37.4963043323795,127.030170484473
146,2020-09-25,250000,2959.28,84.48,대치동 511,삼성로 150  ,한보미도맨션1,6,1983,대치동,11680,0.8526666666666667,293197.811,3470.618,"{'lat': '37.4933931510549', 'lng': '127.067350014658'}",37.4933931510549,127.067350014658
147,2018-01-23,182000,1565.12,116.285,역삼동 713-11,역삼로 307  ,역삼I'PARK,9,2006,역삼동,11680,0.6713333333333333,271102.284,2331.361,"{'lat': '37.4993166898535', 'lng': '127.045793188009'}",37.4993166898535,127.045793188009
148,2021-10-29,604500,3539.02,170.81,압구정동 433,압구정로 151  ,신현대11차,13,1983,압구정동,11680,1.1433333333333333,528717.201,3095.353,"{'lat': '37.5275560033999', 'lng': '127.024419823616'}",37.5275560033999,127.024419823616
149,2019-11-22,170000,3179.948,53.46,개포동 185,개포로 516  ,개포주공7단지,14,1983,개포동,11680,0.7353333333333333,231187.67,4324.498,"{'lat': '37.4888762938306', 'lng': '127.071667715752'}",37.4888762938306,127.071667715752
150,2017-03-29,145000,1355.394,106.98,삼성동 103-22,영동대로114길 56  ,래미안삼성1차(103-22),3,2006,삼성동,11680,0.642,225856.698,2111.205,"{'lat': '37.5171348025177', 'lng': '127.063972792252'}",37.5171348025177,127.063972792252
151,2020-10-21,185000,1617.981,114.34,논현동 22,강남대로146길 28  ,신동아(22),10,1997,논현동,11680,0.8633333333333333,214285.714,1874.11,"{'lat': '37.5147157100303', 'lng': '127.022668627156'}",37.5147157100303,127.022668627156
152,2019-10-10,178000,1898.059,93.78,삼성동 104,봉은사로105길 12 7,삼성풍림2차아파트,6,1998,삼성동,11680,0.728,244505.495,2607.224,"{'lat': '37.5161481556354', 'lng': '127.062207372127'}",37.5161481556354,127.062207372127
153,2021-04-01,248000,2937.345,84.43,대치동 316,삼성로 212  ,은마,9,1979,대치동,11680,0.9879999999999999,251012.146,2973.021,"{'lat': '37.4974180026259', 'lng': '127.065327020175'}",37.4974180026259,127.065327020175
154,2018-02-03,144000,1759.531,81.84,청담동 30-33,학동로77길 27  ,청담대림이-편한세상,17,2002,청담동,11680,0.6766666666666666,212807.882,2600.292,"{'lat': '37.5205048036403', 'lng': '127.047836421504'}",37.5205048036403,127.047836421504
155,2021-02-11,245000,3417.969,71.68,일원동 741,개포로110길 50  ,래미안 개포 루체하임,11,2018,일원동,11680,0.9553333333333334,256454.99,3577.776,"{'lat': '37.4893859511722', 'lng': '127.07988209455'}",37.4893859511722,127.07988209455
156,2017-08-09,172000,1115.145,154.24,삼성동 146,봉은사로 510  ,포스코트,19,2003,삼성동,11680,0.6646666666666667,258776.329,1677.751,"{'lat': '37.5130548831322', 'lng': '127.054629761687'}",37.5130548831322,127.054629761687
157,2017-07-11,157000,1299.418,120.8233,도곡동 527,선릉로 221  ,도곡렉슬,21,2006,도곡동,11680,0.662,237160.121,1962.867,"{'lat': '37.4935418220116', 'lng': '127.050547158351'}",37.4935418220116,127.050547158351
158,2017-12-09,90000,1059.073,84.98,삼성동 52-9,학동로82길 6  ,삼성리치빌1,2,2003,삼성동,11680,0.666,135135.135,1590.199,"{'lat': '37.518529686768', 'lng': '127.051129370461'}",37.518529686768,127.051129370461
159,2018-02-06,390000,2227.909,175.052,삼성동 87,영동대로 640  ,아이파크,14,2004,삼성동,11680,0.6766666666666666,576354.68,3292.477,"{'lat': '37.5182872615614', 'lng': '127.059339817012'}",37.5182872615614,127.059339817012
160,2020-10-15,120000,1302.79,92.11,삼성동 130-2,테헤란로77길 31  ,삼성웰피아,1,2005,삼성동,11680,0.8633333333333333,138996.139,1509.023,"{'lat': '37.5084173324961', 'lng': '127.053627009899'}",37.5084173324961,127.053627009899
162,2018-10-12,203000,2388.516,84.99,삼성동 188,삼성로 629  ,삼성동센트럴아이파크,11,2018,삼성동,11680,0.7253333333333333,279871.324,3292.991,"{'lat': '37.5154203230155', 'lng': '127.051131434251'}",37.5154203230155,127.051131434251
163,2019-01-23,152000,1790.974,84.87,개포동 177,개포로 409  ,현대3,9,1986,개포동,11680,0.7080000000000001,214689.266,2529.625,"{'lat': '37.4878922787897', 'lng': '127.060955866212'}",37.4878922787897,127.060955866212
164,2020-12-25,280000,2040.222,137.24,도곡동 467,언주로30길 56  ,타워팰리스1,18,2002,도곡동,11680,0.9013333333333332,310650.888,2263.559,"{'lat': '37.4882232479436', 'lng': '127.054439125962'}",37.4882232479436,127.054439125962
165,2019-05-04,20000,1160.766,17.23,역삼동 823-7,테헤란로10길 10  ,강남역우정에쉐르,10,2004,역삼동,11680,0.7,28571.429,1658.237,"{'lat': '37.4984060977465', 'lng': '127.032263556578'}",37.4984060977465,127.032263556578
166,2017-06-22,75000,682.128,109.95,신사동 522,압구정로2길 15  ,신사아이빌(522),6,2006,신사동,11680,0.6539999999999999,114678.899,1043.01,"{'lat': '37.5207335482485', 'lng': '127.019970477869'}",37.5207335482485,127.019970477869
167,2017-06-27,58500,845.62,69.18,도곡동 953-1,강남대로 240  ,SK허브프리모,14,2006,도곡동,11680,0.6539999999999999,89449.541,1292.997,"{'lat': '37.4853093524453', 'lng': '127.034403378938'}",37.4853093524453,127.034403378938
168,2019-04-12,49000,911.628,53.75,삼성동 129-20,테헤란로77길 22  ,풍림,2,1997,삼성동,11680,0.6986666666666667,70133.588,1304.811,"{'lat': '37.5080252649421', 'lng': '127.054307036235'}",37.5080252649421,127.054307036235
169,2019-10-24,139000,2180.05,63.76,일원동 731,광평로10길 6  ,한솔마을,1,1994,일원동,11680,0.728,190934.066,2994.574,"{'lat': '37.4820202153818', 'lng': '127.07784941621'}",37.4820202153818,127.07784941621
170,2020-12-17,530000,2645.767,200.32,청담동 64-1,학동로81길 28  ,청담어퍼하우스,3,2019,청담동,11680,0.9013333333333332,588017.751,2935.392,"{'lat': '37.5209364627791', 'lng': '127.050461900821'}",37.5209364627791,127.050461900821
171,2020-08-14,133000,2667.469,49.86,개포동 12,개포로109길 9  ,성원대치2단지아파트,4,1992,개포동,11680,0.8453333333333333,157334.385,3155.523,"{'lat': '37.4941848052623', 'lng': '127.075215384158'}",37.4941848052623,127.075215384158
172,2018-12-10,320000,2101.392,152.28,압구정동 426,압구정로 151  ,신현대9차,7,1982,압구정동,11680,0.7133333333333334,448598.131,2945.877,"{'lat': '37.5262225982289', 'lng': '127.024479347433'}",37.5262225982289,127.024479347433
173,2017-05-27,119300,1553.588,76.79,대치동 316,삼성로 212  ,은마,5,1979,대치동,11680,0.6466666666666666,184484.536,2402.455,"{'lat': '37.4974180026259', 'lng': '127.065327020175'}",37.4974180026259,127.065327020175
174,2018-01-18,195000,1479.178,131.83,개포동 654,언주로 107  ,현대2,4,1986,개포동,11680,0.6713333333333333,290466.733,2203.343,"{'lat': '37.4824775018158', 'lng': '127.05125279339'}",37.4824775018158,127.05125279339
175,2017-03-10,115000,1497.591,76.79,대치동 316,삼성로 212  ,은마,6,1979,대치동,11680,0.642,179127.726,2332.696,"{'lat': '37.4974180026259', 'lng': '127.065327020175'}",37.4974180026259,127.065327020175
176,2018-04-11,89000,583.301,152.58,역삼동 835-12,도곡로11길 13  ,역삼르비앙1,3,2003,역삼동,11680,0.6819999999999999,130498.534,855.279,"{'lat': '37.4917848020883', 'lng': '127.035331320482'}",37.4917848020883,127.035331320482
177,2019-11-06,120000,2347.418,51.12,개포동 12,개포로109길 21  ,삼익대청아파트,15,1992,개포동,11680,0.7353333333333333,163191.296,3192.318,"{'lat': '37.4941848052623', 'lng': '127.075215384158'}",37.4941848052623,127.075215384158
178,2020-05-23,69500,1167.969,59.505,역삼동 720-25,언주로 427  ,대우디오빌,22,2002,역삼동,11680,0.782,88874.68,1493.567,"{'lat': '37.5014564802212', 'lng': '127.042688993712'}",37.5014564802212,127.042688993712
179,2017-12-21,110000,1608.422,68.39,일원동 615,개포로110길 15  ,우성7,2,1987,일원동,11680,0.666,165165.165,2415.048,"{'lat': '37.4922930112042', 'lng': '127.078327089075'}",37.4922930112042,127.078327089075
180,2017-02-21,86000,655.363,131.225,삼성동 121-38,삼성로103길 12  ,삼성동신도브래뉴,4,2010,삼성동,11680,0.6393333333333334,134515.12,1025.072,"{'lat': '37.5103890109375', 'lng': '127.053405829272'}",37.5103890109375,127.053405829272
181,2019-04-05,308000,2021.13,152.39,압구정동 426,압구정로 151  ,신현대9차,1,1982,압구정동,11680,0.6986666666666667,440839.695,2892.839,"{'lat': '37.5262225982289', 'lng': '127.024479347433'}",37.5262225982289,127.024479347433
182,2019-07-31,150000,2012.342,74.54,일원동 734,광평로10길 15  ,상록수,2,1993,일원동,11680,0.7126666666666667,210477.081,2823.68,"{'lat': '37.4815500818027', 'lng': '127.08209044113'}",37.4815500818027,127.08209044113
183,2020-02-26,260000,2256.161,115.24,압구정동 513,압구정로 401  ,한양5,5,1979,압구정동,11680,0.7646666666666667,340017.437,2950.516,"{'lat': '37.5289385759485', 'lng': '127.042074950675'}",37.5289385759485,127.042074950675
184,2018-10-17,180000,1431.603,125.7332,도곡동 972,남부순환로365길 33  ,한라비발디,12,2016,도곡동,11680,0.7253333333333333,248161.765,1973.717,"{'lat': '37.4877358123073', 'lng': '127.039177902268'}",37.4877358123073,127.039177902268
185,2018-01-15,213000,1135.697,187.55,청담동 122-1,도산대로85길 24  ,상지리츠빌10차,4,2007,청담동,11680,0.6713333333333333,317279.047,1691.704,"{'lat': '37.5260494166171', 'lng': '127.049527166487'}",37.5260494166171,127.049527166487
186,2017-04-03,98000,1914.81,51.18,개포동 656,언주로 21  ,시영,1,1984,개포동,11680,0.6426666666666667,152489.627,2979.477,"{'lat': '37.4763198941657', 'lng': '127.053931131334'}",37.4763198941657,127.053931131334
187,2019-07-29,119000,1984.325,59.97,수서동 795,광평로34길 55  ,강남데시앙포레,6,2014,수서동,11680,0.7126666666666667,166978.485,2784.367,"{'lat': '37.4809832232715', 'lng': '127.090876576595'}",37.4809832232715,127.090876576595
188,2017-07-08,101000,1188.655,84.97,도곡동 963,논현로 213  ,럭키(963),13,1995,도곡동,11680,0.662,152567.976,1795.551,"{'lat': '37.4904503641949', 'lng': '127.039997193037'}",37.4904503641949,127.039997193037
189,2021-10-16,210000,2962.336,70.89,도곡동 463-1,언주로29길 34  ,우성사원5,4,1986,도곡동,11680,1.1433333333333333,183673.469,2590.964,"{'lat': '37.4859710758229', 'lng': '127.047581472593'}",37.4859710758229,127.047581472593
190,2021-07-09,550000,3141.924,175.052,삼성동 87,영동대로 640  ,아이파크,40,2004,삼성동,11680,1.074,512104.283,2925.441,"{'lat': '37.5182872615614', 'lng': '127.059339817012'}",37.5182872615614,127.059339817012
191,2020-05-16,74000,1240.778,59.64,삼성동 144-10,테헤란로77길 8  ,우정에쉐르2,4,2004,삼성동,11680,0.782,94629.156,1586.673,"{'lat': '37.50705995626', 'lng': '127.054831687639'}",37.50705995626,127.054831687639
192,2020-11-10,122680,1447.979,84.725,삼성동 3-1,학동로 408  ,삼성월드타워,5,1997,삼성동,11680,0.8806666666666666,139303.558,1644.185,"{'lat': '37.5174334774237', 'lng': '127.044098015964'}",37.5174334774237,127.044098015964
193,2018-07-13,73500,866.03,84.87,신사동 591-11,논현로154길 11  ,압구정화이트빌,3,2003,신사동,11680,0.6873333333333332,106935.015,1259.986,"{'lat': '37.5217645688949', 'lng': '127.02906964465'}",37.5217645688949,127.02906964465
195,2018-01-06,169000,1404.004,120.37,역삼동 762-3,도곡로43길 21  ,래미안그레이튼(진달래2차),18,2010,역삼동,11680,0.6713333333333333,251737.835,2091.367,"{'lat': '37.4951650013344', 'lng': '127.047244552337'}",37.4951650013344,127.047244552337
196,2018-08-25,130000,1539.19,84.46,수서동 738,광평로39길 3  ,동익,12,1993,수서동,11680,0.7033333333333334,184834.123,2188.422,"{'lat': '37.485322064615', 'lng': '127.096512817155'}",37.485322064615,127.096512817155
197,2021-05-27,38700,1394.595,27.75,삼성동 109-21,영동대로112길 46  ,엘에이치삼성도시형생활주택,6,2013,삼성동,11680,1.0113333333333332,38266.315,1378.966,"{'lat': '37.5155174861435', 'lng': '127.06400070794'}",37.5155174861435,127.06400070794
198,2017-04-04,90000,1069.875,84.122,도곡동 543-7,도곡로28길 8  ,도곡1차아이파크,5,2007,도곡동,11680,0.6426666666666667,140041.494,1664.743,"{'lat': '37.4922748332904', 'lng': '127.043511837517'}",37.4922748332904,127.043511837517
199,2018-05-05,101000,1351.351,74.74,세곡동 533,자곡로 21  ,세곡푸르지오,7,2012,세곡동,11680,0.6826666666666668,147949.219,1979.519,"{'lat': '37.4667793397486', 'lng': '127.092967002535'}",37.4667793397486,127.092967002535
200,2020-12-10,59998,919.651,65.24,대치동 891-6,테헤란로 428  ,테헤란로대우아이빌(891-6),14,2004,대치동,11680,0.9013333333333332,66565.828,1020.322,"{'lat': '37.5056878366523', 'lng': '127.05400382324'}",37.5056878366523,127.05400382324
201,2021-02-23,349000,3221.935,108.32,압구정동 434,압구정로 151  ,신현대12차,6,1982,압구정동,11680,0.9553333333333334,365317.516,3372.577,"{'lat': '37.5289291939725', 'lng': '127.024109041617'}",37.5289291939725,127.024109041617
202,2017-02-21,88000,1037.002,84.86,수서동 795,광평로34길 55  ,강남데시앙포레,13,2014,수서동,11680,0.6393333333333334,137643.379,1622.005,"{'lat': '37.4809832232715', 'lng': '127.090876576595'}",37.4809832232715,127.090876576595
203,2020-02-05,215000,1724.954,124.641,도곡동 467-29,언주로30길 26  ,타워팰리스3,51,2004,도곡동,11680,0.7646666666666667,281168.265,2255.825,"{'lat': '37.4873363055886', 'lng': '127.052829715042'}",37.4873363055886,127.052829715042
204,2019-05-16,179000,3552.997,50.38,개포동 141,개포로 310  ,개포주공1단지,5,1982,개포동,11680,0.7,255714.286,5075.71,"{'lat': '37.4784893722905', 'lng': '127.061614360667'}",37.4784893722905,127.061614360667
205,2019-06-29,255000,2166.525,117.7,대치동 506,삼성로 151  ,선경1차(1동-7동),1,1983,대치동,11680,0.7060000000000001,361189.802,3068.732,"{'lat': '37.4921265332679', 'lng': '127.062565123948'}",37.4921265332679,127.062565123948
206,2017-05-27,52000,1840.969,28.246,역삼동 713-11,역삼로 307  ,역삼I'PARK,10,2006,역삼동,11680,0.6466666666666666,80412.371,2846.859,"{'lat': '37.4993166898535', 'lng': '127.045793188009'}",37.4993166898535,127.045793188009
207,2017-02-21,178000,1320.377,134.81,삼성동 7-3,선릉로130길 20  ,래미안삼성2차,6,2007,삼성동,11680,0.6393333333333334,278415.016,2065.24,"{'lat': '37.5161516847431', 'lng': '127.043436336716'}",37.5161516847431,127.043436336716
208,2020-10-09,39000,1114.445,34.995,도곡동 467-19,언주로30길 10  ,현대비젼21,27,1999,도곡동,11680,0.8633333333333333,45173.745,1290.863,"{'lat': '37.4873620167241', 'lng': '127.05132532941'}",37.4873620167241,127.05132532941
209,2017-07-22,117000,1377.934,84.9097,역삼동 754-1,언주로 332  ,역삼푸르지오,1,2006,역삼동,11680,0.662,176737.16,2081.472,"{'lat': '37.4977533273856', 'lng': '127.046780606935'}",37.4977533273856,127.046780606935
210,2019-11-03,198000,2578.461,76.79,대치동 316,삼성로 212  ,은마,8,1979,대치동,11680,0.7353333333333333,269265.639,3506.52,"{'lat': '37.4974180026259', 'lng': '127.065327020175'}",37.4974180026259,127.065327020175
211,2017-05-22,113000,1591.998,70.98,역삼동 763-16,도곡로43길 20  ,래미안그레이튼,11,2009,역삼동,11680,0.6466666666666666,174742.268,2461.852,"{'lat': '37.4965001990472', 'lng': '127.048147354094'}",37.4965001990472,127.048147354094
212,2022-05-14,230000,3244.463,70.89,도곡동 463-1,언주로29길 34  ,우성사원5,4,1986,도곡동,11680,1.1073333333333333,207706.201,2929.979,"{'lat': '37.4859710758229', 'lng': '127.047581472593'}",37.4859710758229,127.047581472593
213,2018-01-29,125000,1470.588,85.0,청담동 127-31,도산대로101길 29  ,청담현대3차아파트,4,1999,청담동,11680,0.6713333333333333,186196.624,2190.549,"{'lat': '37.5269242818661', 'lng': '127.053071210331'}",37.5269242818661,127.053071210331
214,2020-03-10,221000,2386.011,92.6232,역삼동 709-5,테헤란로52길 16  ,테헤란아이파크,1,2014,역삼동,11680,0.7753333333333333,285038.693,3077.401,"{'lat': '37.5023529838786', 'lng': '127.04672840019'}",37.5023529838786,127.04672840019
215,2019-02-26,221000,1812.501,121.931,삼성동 11,선릉로126길 22  ,롯데캐슬프레미어,6,2007,삼성동,11680,0.704,313920.455,2574.575,"{'lat': '37.5152740694001', 'lng': '127.04474442839'}",37.5152740694001,127.04474442839
216,2020-06-22,185000,2176.471,85.0,대치동 974,삼성로64길 5  ,대치현대,3,1999,대치동,11680,0.8026666666666668,230481.728,2711.55,"{'lat': '37.5008280252175', 'lng': '127.060973278932'}",37.5008280252175,127.060973278932
217,2017-05-12,64000,1619.024,39.53,개포동 12,개포로109길 9  ,성원대치2단지아파트,11,1992,개포동,11680,0.6466666666666666,98969.072,2503.645,"{'lat': '37.4941848052623', 'lng': '127.075215384158'}",37.4941848052623,127.075215384158
218,2020-11-16,148000,3741.909,39.552,삼성동 50,삼성로111길 8  ,현대힐스테이트2단지,22,2008,삼성동,11680,0.8806666666666666,168054.504,4248.951,"{'lat': '37.5138589096778', 'lng': '127.051485875359'}",37.5138589096778,127.051485875359
219,2018-06-15,37000,1365.944,27.0875,청담동 122-35,도산대로85길 30  ,청담신원아침도시마인,6,2013,청담동,11680,0.6833333333333333,54146.341,1998.942,"{'lat': '37.5264326441473', 'lng': '127.049667021648'}",37.5264326441473,127.049667021648
220,2018-08-16,227500,1393.312,163.28,도곡동 467-17,언주로30길 57  ,타워팰리스2,28,2003,도곡동,11680,0.7033333333333334,323459.716,1981.012,"{'lat': '37.4897107879722', 'lng': '127.054490523453'}",37.4897107879722,127.054490523453
221,2019-07-31,147000,1730.837,84.93,일원동 719,일원로14길 25  ,푸른마을아파트101동~111동,9,1994,일원동,11680,0.7126666666666667,206267.54,2428.677,"{'lat': '37.4838701188972', 'lng': '127.0808707438'}",37.4838701188972,127.0808707438
222,2017-03-01,104500,1276.882,81.84,청담동 30-33,학동로77길 27  ,청담대림이-편한세상,12,2002,청담동,11680,0.642,162772.586,1988.912,"{'lat': '37.5205048036403', 'lng': '127.047836421504'}",37.5205048036403,127.047836421504
223,2017-10-21,105000,1235.73,84.97,수서동 747,광평로31길 27  ,삼성,9,1997,수서동,11680,0.668,157185.629,1849.896,"{'lat': '37.4848961854277', 'lng': '127.090677682629'}",37.4848961854277,127.090677682629
224,2018-02-06,135000,1593.296,84.73,일원동 731,광평로10길 6  ,한솔마을,5,1994,일원동,11680,0.6766666666666666,199507.389,2354.625,"{'lat': '37.4820202153818', 'lng': '127.07784941621'}",37.4820202153818,127.07784941621
225,2019-07-24,205000,2420.836,84.6815,역삼동 755-1,역삼로 314  ,개나리푸르지오,8,2006,역삼동,11680,0.7126666666666667,287652.011,3396.87,"{'lat': '37.4997216170335', 'lng': '127.049979318614'}",37.4997216170335,127.049979318614
226,2020-12-15,35000,964.453,36.29,논현동 58-2,학동로 165  ,마일스디오빌,11,2004,논현동,11680,0.9013333333333332,38831.361,1070.029,"{'lat': '37.513885429675', 'lng': '127.028885611445'}",37.513885429675,127.028885611445
227,2017-05-03,79500,1325.0,60.0,개포동 12,개포로109길 21  ,삼익대청아파트,2,1992,개포동,11680,0.6466666666666666,122938.144,2048.969,"{'lat': '37.4941848052623', 'lng': '127.075215384158'}",37.4941848052623,127.075215384158
228,2017-10-11,179000,1357.809,131.83,개포동 177,개포로 409  ,현대3,5,1986,개포동,11680,0.668,267964.072,2032.649,"{'lat': '37.4878922787897', 'lng': '127.060955866212'}",37.4878922787897,127.060955866212
229,2020-07-06,230000,2706.201,84.99,일원동 741,개포로110길 50  ,래미안 개포 루체하임,18,2018,일원동,11680,0.83,277108.434,3260.483,"{'lat': '37.4893859511722', 'lng': '127.07988209455'}",37.4893859511722,127.07988209455
230,2021-01-07,200000,3291.639,60.76,개포동 185,개포로 516  ,개포주공7단지,9,1983,개포동,11680,0.932,214592.275,3531.802,"{'lat': '37.4888762938306', 'lng': '127.071667715752'}",37.4888762938306,127.071667715752
231,2019-07-04,198000,2345.138,84.43,대치동 316,삼성로 212  ,은마,7,1979,대치동,11680,0.7126666666666667,277829.747,3290.652,"{'lat': '37.4974180026259', 'lng': '127.065327020175'}",37.4974180026259,127.065327020175
232,2019-07-04,185000,2184.657,84.6815,역삼동 755-1,역삼로 314  ,개나리푸르지오,2,2006,역삼동,11680,0.7126666666666667,259588.4,3065.468,"{'lat': '37.4997216170335', 'lng': '127.049979318614'}",37.4997216170335,127.049979318614
233,2021-01-31,109000,2757.399,39.53,수서동 736,광평로47길 17  ,신동아,14,1992,수서동,11680,0.932,116952.79,2958.583,"{'lat': '37.4870725721397', 'lng': '127.098442914101'}",37.4870725721397,127.098442914101
234,2022-01-27,42000,1157.344,36.29,논현동 58-2,학동로 165  ,마일스디오빌,14,2004,논현동,11680,1.1079999999999999,37906.137,1044.534,"{'lat': '37.513885429675', 'lng': '127.028885611445'}",37.513885429675,127.028885611445
235,2019-10-14,109500,2212.121,49.5,수서동 746,광평로19길 10  ,까치마을,13,1993,수서동,11680,0.728,150412.088,3038.628,"{'lat': '37.4847340598121', 'lng': '127.087618357538'}",37.4847340598121,127.087618357538
236,2022-04-25,470000,3574.688,131.48,압구정동 369-1,압구정로29길 71  ,"현대1차(12,13,21,22,31,32,33동)",5,1976,압구정동,11680,1.1193333333333333,419892.793,3193.587,"{'lat': '37.5330267381014', 'lng': '127.027925536556'}",37.5330267381014,127.027925536556
237,2020-07-27,24500,963.808,25.42,대치동 890-49,테헤란로64길 9  ,선릉역대우아이빌(890-49),15,2004,대치동,11680,0.83,29518.072,1161.214,"{'lat': '37.5044959996482', 'lng': '127.051555445765'}",37.5044959996482,127.051555445765
238,2018-02-12,171500,1568.932,109.31,청담동 65,학동로 513  ,진흥아파트,11,1984,청담동,11680,0.6766666666666666,253448.276,2318.619,"{'lat': '37.5201259636401', 'lng': '127.051406698645'}",37.5201259636401,127.051406698645
239,2022-05-20,277000,3280.824,84.43,대치동 316,삼성로 212  ,은마,13,1979,대치동,11680,1.1073333333333333,250150.512,2962.815,"{'lat': '37.4974180026259', 'lng': '127.065327020175'}",37.4974180026259,127.065327020175
240,2019-05-06,190000,2250.385,84.43,대치동 316,삼성로 212  ,은마,10,1979,대치동,11680,0.7,271428.571,3214.836,"{'lat': '37.4974180026259', 'lng': '127.065327020175'}",37.4974180026259,127.065327020175
241,2019-09-18,108000,1805.718,59.81,수서동 795,광평로34길 55  ,강남데시앙포레,1,2014,수서동,11680,0.7213333333333334,149722.736,2503.306,"{'lat': '37.4809832232715', 'lng': '127.090876576595'}",37.4809832232715,127.090876576595
242,2021-11-11,21500,901.468,23.85,역삼동 706-24,언주로86길 7  ,진넥스빌2,6,2003,역삼동,11680,1.1333333333333333,18970.588,795.412,"{'lat': '37.5017733495083', 'lng': '127.043956825565'}",37.5017733495083,127.043956825565
243,2019-11-25,229000,2718.553,84.236,삼성동 50,삼성로111길 8  ,현대힐스테이트2단지,6,2008,삼성동,11680,0.7353333333333333,311423.391,3697.034,"{'lat': '37.5138589096778', 'lng': '127.051485875359'}",37.5138589096778,127.051485875359
244,2022-08-08,119000,3010.372,39.53,개포동 12,개포로109길 21  ,삼익대청아파트,12,1992,개포동,11680,1.0346666666666666,115012.887,2909.509,"{'lat': '37.4941848052623', 'lng': '127.075215384158'}",37.4941848052623,127.075215384158
245,2020-05-26,295000,1638.252,180.07,논현동 245,언주로130길 30  ,동양파라곤,6,2004,논현동,11680,0.782,377237.852,2094.951,"{'lat': '37.5147469578798', 'lng': '127.038136684255'}",37.5147469578798,127.038136684255
246,2020-06-07,207000,2457.382,84.236,삼성동 16-2,학동로68길 29  ,삼성동힐스테이트 1단지,3,2008,삼성동,11680,0.8026666666666668,257890.365,3061.522,"{'lat': '37.5163123563071', 'lng': '127.048472953744'}",37.5163123563071,127.048472953744
247,2019-07-28,227000,2736.522,82.952,청담동 134-38,영동대로138길 12  ,청담자이,8,2011,청담동,11680,0.7126666666666667,318521.983,3839.835,"{'lat': '37.5236003613447', 'lng': '127.057196116303'}",37.5236003613447,127.057196116303
248,2020-11-26,171000,1495.801,114.32,자곡동 686,자곡로 260  ,강남한양수자인(4단지),5,2014,자곡동,11680,0.8806666666666666,194171.083,1698.487,"{'lat': '37.4753799821393', 'lng': '127.112496841501'}",37.4753799821393,127.112496841501
249,2020-04-21,243000,2181.72,111.38,압구정동 426,압구정로 151  ,신현대9차,8,1982,압구정동,11680,0.7753333333333333,313413.586,2813.913,"{'lat': '37.5262225982289', 'lng': '127.024479347433'}",37.5262225982289,127.024479347433
250,2020-07-21,200000,2693.603,74.25,개포동 187,삼성로4길 17  ,개포주공5단지,4,1983,개포동,11680,0.83,240963.855,3245.304,"{'lat': '37.4876228868467', 'lng': '127.068503584968'}",37.4876228868467,127.068503584968
251,2017-07-21,58000,1464.646,39.6,수서동 746,광평로19길 10  ,까치마을,11,1993,수서동,11680,0.662,87613.293,2212.457,"{'lat': '37.4847340598121', 'lng': '127.087618357538'}",37.4847340598121,127.087618357538
252,2017-10-24,215000,1435.439,149.78,대치동 888,선릉로 222  ,대치아이파크,24,2008,대치동,11680,0.668,321856.287,2148.86,"{'lat': '37.4950567005784', 'lng': '127.054562708884'}",37.4950567005784,127.054562708884
253,2017-01-14,116500,1400.745,83.17,개포동 187,삼성로4길 17  ,개포주공5단지,12,1983,개포동,11680,0.6393333333333334,182221.064,2190.947,"{'lat': '37.4876228868467', 'lng': '127.068503584968'}",37.4876228868467,127.068503584968
254,2020-11-23,285000,3465.888,82.23,압구정동 455,압구정로29길 68  ,"현대5차(71,72동)",4,1977,압구정동,11680,0.8806666666666666,323618.471,3935.528,"{'lat': '37.5319760183273', 'lng': '127.028563016169'}",37.5319760183273,127.028563016169
255,2017-12-03,99000,1179.554,83.93,삼성동 129,테헤란로77길 26  ,삼성동대성유니드,4,2004,삼성동,11680,0.666,148648.649,1771.103,"{'lat': '37.5085003008041', 'lng': '127.05405357852'}",37.5085003008041,127.05405357852
256,2020-11-14,224000,2638.097,84.9097,역삼동 754-1,언주로 332  ,역삼푸르지오,11,2006,역삼동,11680,0.8806666666666666,254352.763,2995.568,"{'lat': '37.4977533273856', 'lng': '127.046780606935'}",37.4977533273856,127.046780606935
257,2022-03-17,595000,3244.098,183.41,압구정동 433,압구정로 151  ,신현대11차,4,1983,압구정동,11680,1.1126666666666667,534751.348,2915.606,"{'lat': '37.5275560033999', 'lng': '127.024419823616'}",37.5275560033999,127.024419823616
258,2017-03-15,94000,1106.924,84.92,논현동 105,언주로146길 18  ,동현아파트1~6,9,1985,논현동,11680,0.642,146417.445,1724.181,"{'lat': '37.5193540121054', 'lng': '127.036575387431'}",37.5193540121054,127.036575387431
259,2017-02-24,96000,2693.603,35.64,개포동 141,개포로 310  ,개포주공1단지,1,1982,개포동,11680,0.6393333333333334,150156.413,4213.143,"{'lat': '37.4784893722905', 'lng': '127.061614360667'}",37.4784893722905,127.061614360667
260,2017-05-31,230000,2014.893,114.15,대치동 1027,삼성로51길 37  ,래미안대치팰리스,9,2015,대치동,11680,0.6466666666666666,355670.103,3115.813,"{'lat': '37.4942977651239', 'lng': '127.058003438015'}",37.4942977651239,127.058003438015
261,2019-06-26,210000,1902.346,110.39,대치동 985,도곡로93길 12  ,래미안대치하이스턴,15,1989,대치동,11680,0.7060000000000001,297450.425,2694.541,"{'lat': '37.5010451843454', 'lng': '127.06548703759'}",37.5010451843454,127.06548703759
262,2017-11-08,130000,1206.497,107.75,신사동 622-1,언주로167길 9  ,압구정케이씨씨(622-1),13,2004,신사동,11680,0.6666666666666666,195000.0,1809.745,"{'lat': '37.5261273367855', 'lng': '127.032437605375'}",37.5261273367855,127.032437605375
263,2019-06-04,180500,2137.866,84.43,대치동 316,삼성로 212  ,은마,1,1979,대치동,11680,0.7060000000000001,255665.722,3028.138,"{'lat': '37.4974180026259', 'lng': '127.065327020175'}",37.4974180026259,127.065327020175
264,2017-06-06,110000,738.751,148.9,삼성동 150-5,봉은사로82길 24  ,삼성아셈,6,2006,삼성동,11680,0.6539999999999999,168195.719,1129.588,"{'lat': '37.5116790623878', 'lng': '127.054991041364'}",37.5116790623878,127.054991041364
265,2019-05-24,84500,2137.617,39.53,개포동 12,개포로109길 9  ,성원대치2단지아파트,2,1992,개포동,11680,0.7,120714.286,3053.739,"{'lat': '37.4941848052623', 'lng': '127.075215384158'}",37.4941848052623,127.075215384158
266,2020-06-03,86800,2191.919,39.6,수서동 746,광평로19길 10  ,까치마을,5,1993,수서동,11680,0.8026666666666668,108139.535,2730.796,"{'lat': '37.4847340598121', 'lng': '127.087618357538'}",37.4847340598121,127.087618357538
267,2022-04-26,198000,2329.754,84.9875,논현동 275,언주로116길 6  ,동부센트레빌,19,2003,논현동,11680,1.1193333333333333,176891.007,2081.377,"{'lat': '37.5103565201441', 'lng': '127.037651943453'}",37.5103565201441,127.037651943453
268,2017-12-19,137000,1612.713,84.95,일원동 734,광평로10길 15  ,상록수,2,1993,일원동,11680,0.666,205705.706,2421.492,"{'lat': '37.4815500818027', 'lng': '127.08209044113'}",37.4815500818027,127.08209044113
269,2017-12-21,141000,1684.789,83.69,일원동 615,개포로110길 15  ,우성7,11,1987,일원동,11680,0.666,211711.712,2529.713,"{'lat': '37.4922930112042', 'lng': '127.078327089075'}",37.4922930112042,127.078327089075
270,2018-09-22,180000,1202.405,149.7,역삼동 710,언주로86길 12  ,현대까르띠에710,2,2001,역삼동,11680,0.722,249307.479,1665.381,"{'lat': '37.5014708794326', 'lng': '127.044921321564'}",37.5014708794326,127.044921321564
271,2019-10-18,180000,2139.749,84.122,도곡동 543-7,도곡로28길 8  ,도곡1차아이파크,5,2007,도곡동,11680,0.728,247252.747,2939.216,"{'lat': '37.4922748332904', 'lng': '127.043511837517'}",37.4922748332904,127.043511837517
272,2018-12-28,280000,2963.277,94.49,대치동 1027,삼성로51길 37  ,래미안대치팰리스,16,2015,대치동,11680,0.7133333333333334,392523.364,4154.126,"{'lat': '37.4942977651239', 'lng': '127.058003438015'}",37.4942977651239,127.058003438015
273,2020-12-04,290000,3414.175,84.94,압구정동 447,압구정로29길 57  ,"현대14차(203,204,205,206동)",14,1987,압구정동,11680,0.9013333333333332,321745.562,3787.916,"{'lat': '37.5306250782443', 'lng': '127.026136755454'}",37.5306250782443,127.026136755454
274,2017-05-27,58850,988.079,59.56,논현동 274,언주로116길 12  ,경남논현,2,1996,논현동,11680,0.6466666666666666,91005.155,1527.958,"{'lat': '37.5106817873212', 'lng': '127.038198973038'}",37.5106817873212,127.038198973038
275,2022-01-06,205000,2469.88,83.0,삼성동 107,영동대로 602  ,미켈란107,14,2003,삼성동,11680,1.1079999999999999,185018.051,2229.133,"{'lat': '37.5148858802878', 'lng': '127.060412367065'}",37.5148858802878,127.060412367065
277,2018-08-18,140000,1647.64,84.97,도곡동 963,논현로 213  ,럭키(963),10,1995,도곡동,11680,0.7033333333333334,199052.133,2342.617,"{'lat': '37.4904503641949', 'lng': '127.039997193037'}",37.4904503641949,127.039997193037
278,2017-03-03,45000,1125.563,39.98,일원동 711,양재대로55길 12  ,수서,4,1992,일원동,11680,0.642,70093.458,1753.213,"{'lat': '37.4926342499883', 'lng': '127.090283572636'}",37.4926342499883,127.090283572636
279,2021-01-15,535000,2738.142,195.388,삼성동 87,영동대로 640  ,아이파크,4,2004,삼성동,11680,0.932,574034.335,2937.92,"{'lat': '37.5182872615614', 'lng': '127.059339817012'}",37.5182872615614,127.059339817012
280,2020-12-05,160000,1893.043,84.52,논현동 22,강남대로146길 28  ,신동아(22),10,1997,논현동,11680,0.9013333333333332,177514.793,2100.27,"{'lat': '37.5147157100303', 'lng': '127.022668627156'}",37.5147157100303,127.022668627156
281,2017-03-14,82000,2286.033,35.87,개포동 189,삼성로 14  ,개포주공4단지,4,1982,개포동,11680,0.642,127725.857,3560.799,"{'lat': '37.4863309275682', 'lng': '127.073168875585'}",37.4863309275682,127.073168875585
282,2020-02-15,213000,4206.161,50.64,개포동 141,개포로 310  ,개포주공1단지,5,1982,개포동,11680,0.7646666666666667,278552.746,5500.647,"{'lat': '37.4784893722905', 'lng': '127.061614360667'}",37.4784893722905,127.061614360667
283,2018-01-07,328000,2261.352,145.046,삼성동 87,영동대로 640  ,아이파크,26,2004,삼성동,11680,0.6713333333333333,488579.94,3368.448,"{'lat': '37.5182872615614', 'lng': '127.059339817012'}",37.5182872615614,127.059339817012
284,2019-10-02,310000,2034.254,152.39,압구정동 426,압구정로 151  ,신현대9차,3,1982,압구정동,11680,0.728,425824.176,2794.305,"{'lat': '37.5262225982289', 'lng': '127.024479347433'}",37.5262225982289,127.024479347433
285,2017-09-10,122000,1438.51,84.81,도곡동 161,남부순환로379길 14  ,삼성,4,1994,도곡동,11680,0.6653333333333333,183366.733,2162.089,"{'lat': '37.4887124902017', 'lng': '127.0464303232'}",37.4887124902017,127.0464303232
286,2020-12-31,282000,2335.21,120.76,대치동 65,영동대로 220  ,쌍용대치2,11,1983,대치동,11680,0.9013333333333332,312869.822,2590.84,"{'lat': '37.4994725764941', 'lng': '127.070483284674'}",37.4994725764941,127.070483284674
287,2017-04-17,234000,1299.495,180.07,논현동 245,언주로130길 30  ,동양파라곤,2,2004,논현동,11680,0.6426666666666667,364107.884,2022.035,"{'lat': '37.5147469578798', 'lng': '127.038136684255'}",37.5147469578798,127.038136684255
288,2019-09-12,34500,963.795,35.796,대치동 891-26,삼성로85길 42  ,대우아이빌멤버스(891-26),9,2003,대치동,11680,0.7213333333333334,47828.096,1336.13,"{'lat': '37.5046327843377', 'lng': '127.05375187573'}",37.5046327843377,127.05375187573
289,2020-03-20,79000,977.36,80.83,신사동 593-32,논현로158길 17  ,토미,5,2004,신사동,11680,0.7753333333333333,101891.66,1260.567,"{'lat': '37.5222327373011', 'lng': '127.029763497543'}",37.5222327373011,127.029763497543
290,2019-06-18,240000,1968.326,121.931,삼성동 11,선릉로126길 22  ,롯데캐슬프레미어,8,2007,삼성동,11680,0.7060000000000001,339943.343,2787.998,"{'lat': '37.5152740694001', 'lng': '127.04474442839'}",37.5152740694001,127.04474442839
291,2018-05-14,20000,904.159,22.12,역삼동 708-31,선릉로87길 14  ,우정에쉐르멤버스,8,2004,역삼동,11680,0.6826666666666668,29296.875,1324.452,"{'lat': '37.5031199034146', 'lng': '127.048336740057'}",37.5031199034146,127.048336740057
292,2018-03-10,38100,745.889,51.08,역삼동 706-20,언주로86길 11  ,한화진넥스빌,6,2001,역삼동,11680,0.68,56029.412,1096.895,"{'lat': '37.5019559669632', 'lng': '127.044242152066'}",37.5019559669632,127.044242152066
293,2022-04-07,334000,1656.335,201.65,삼성동 8-2,선릉로 660  ,삼성동브라운스톤레전드,14,2009,삼성동,11680,1.1193333333333333,298391.9,1479.752,"{'lat': '37.5155555185311', 'lng': '127.042367298785'}",37.5155555185311,127.042367298785
294,2018-07-31,165000,2148.717,76.79,대치동 316,삼성로 212  ,은마,3,1979,대치동,11680,0.6873333333333332,240058.196,3126.165,"{'lat': '37.4974180026259', 'lng': '127.065327020175'}",37.4974180026259,127.065327020175
295,2020-03-07,199000,1477.247,134.71,일원동 716,광평로19길 15  ,목련타운,2,1993,일원동,11680,0.7753333333333333,256663.801,1905.306,"{'lat': '37.4848511921735', 'lng': '127.085276881942'}",37.4848511921735,127.085276881942
296,2020-05-16,143500,1688.831,84.97,수서동 747,광평로31길 27  ,삼성,2,1997,수서동,11680,0.782,183503.836,2159.631,"{'lat': '37.4848961854277', 'lng': '127.090677682629'}",37.4848961854277,127.090677682629
297,2018-08-24,187500,1552.409,120.78,도곡동 467,언주로30길 56  ,타워팰리스1,38,2002,도곡동,11680,0.7033333333333334,266587.678,2207.217,"{'lat': '37.4882232479436', 'lng': '127.054439125962'}",37.4882232479436,127.054439125962
298,2017-11-27,199500,1479.861,134.81,삼성동 7-3,선릉로130길 20  ,래미안삼성2차,11,2007,삼성동,11680,0.6666666666666666,299250.0,2219.791,"{'lat': '37.5161516847431', 'lng': '127.043436336716'}",37.5161516847431,127.043436336716
299,2020-08-10,260000,2426.278,107.16,압구정동 434,압구정로 151  ,신현대12차,3,1982,압구정동,11680,0.8453333333333333,307570.978,2870.203,"{'lat': '37.5289291939725', 'lng': '127.024109041617'}",37.5289291939725,127.024109041617
300,2017-11-28,129000,1620.399,79.61,개포동 179,개포로 411  ,우성8,3,1987,개포동,11680,0.6666666666666666,193500.0,2430.599,"{'lat': '37.4881845388175', 'lng': '127.06238827098'}",37.4881845388175,127.06238827098
301,2018-01-12,420000,2135.231,196.7,압구정동 456,압구정로 201  ,"현대7차(73~77,82,85동)",13,1979,압구정동,11680,0.6713333333333333,625620.655,3180.583,"{'lat': '37.5299339057353', 'lng': '127.028904583335'}",37.5299339057353,127.028904583335
302,2018-01-26,70000,717.213,97.6,역삼동 828-46,테헤란로14길 42  ,정원,3,2004,역삼동,11680,0.6713333333333333,104270.109,1068.341,"{'lat': '37.4965646613446', 'lng': '127.034045088156'}",37.4965646613446,127.034045088156
303,2017-05-26,94500,1117.418,84.57,청담동 33,삼성로133길 20  ,청담동삼성1차아파트,16,1997,청담동,11680,0.6466666666666666,146134.021,1727.965,"{'lat': '37.5194352215263', 'lng': '127.047840037208'}",37.5194352215263,127.047840037208
304,2017-07-17,120000,1413.594,84.89,도곡동 91-5,남부순환로 2803  ,삼성래미안,16,2001,도곡동,11680,0.662,181268.882,2135.338,"{'lat': '37.489778720694', 'lng': '127.050650573046'}",37.489778720694,127.050650573046
305,2017-05-26,138000,1634.49,84.43,대치동 316,삼성로 212  ,은마,7,1979,대치동,11680,0.6466666666666666,213402.062,2527.562,"{'lat': '37.4974180026259', 'lng': '127.065327020175'}",37.4974180026259,127.065327020175
306,2021-09-17,123500,3118.687,39.6,수서동 746,광평로19길 10  ,까치마을,11,1993,수서동,11680,1.1306666666666667,109227.594,2758.273,"{'lat': '37.4847340598121', 'lng': '127.087618357538'}",37.4847340598121,127.087618357538
307,2019-04-17,193000,1464.007,131.83,개포동 654,언주로 107  ,현대2,7,1986,개포동,11680,0.6986666666666667,276240.458,2095.429,"{'lat': '37.4824775018158', 'lng': '127.05125279339'}",37.4824775018158,127.05125279339
308,2019-07-24,370000,2351.296,157.36,압구정동 456,압구정로 201  ,"현대6차(78~81,83,84,86,87동)",6,1978,압구정동,11680,0.7126666666666667,519176.801,3299.293,"{'lat': '37.5299339057353', 'lng': '127.028904583335'}",37.5299339057353,127.028904583335
309,2019-10-06,159000,1872.571,84.91,대치동 988-4,삼성로64길 12  ,대치효성,5,1999,대치동,11680,0.728,218406.593,2572.213,"{'lat': '37.4999292537553', 'lng': '127.061182442218'}",37.4999292537553,127.061182442218
310,2021-01-03,195000,2616.045,74.54,일원동 734,광평로10길 15  ,상록수,3,1993,일원동,11680,0.932,209227.468,2806.915,"{'lat': '37.4815500818027', 'lng': '127.08209044113'}",37.4815500818027,127.08209044113
311,2020-03-16,205000,2412.02,84.991,역삼동 755-4,선릉로69길 20  ,e-편한세상,7,2005,역삼동,11680,0.7753333333333333,264402.408,3110.946,"{'lat': '37.4987776755024', 'lng': '127.049878493722'}",37.4987776755024,127.049878493722
312,2018-01-11,120000,1418.524,84.595,청담동 108,도산대로89길 49  ,청담(건영),5,1994,청담동,11680,0.6713333333333333,178748.759,2112.994,"{'lat': '37.5274555242261', 'lng': '127.052236679584'}",37.5274555242261,127.052236679584
313,2021-01-03,92500,2787.824,33.18,수서동 736,광평로47길 17  ,신동아,13,1992,수서동,11680,0.932,99248.927,2991.227,"{'lat': '37.4870725721397', 'lng': '127.098442914101'}",37.4870725721397,127.098442914101
314,2017-09-10,200000,2116.626,94.49,대치동 1027,삼성로51길 37  ,래미안대치팰리스,25,2015,대치동,11680,0.6653333333333333,300601.202,3181.302,"{'lat': '37.4942977651239', 'lng': '127.058003438015'}",37.4942977651239,127.058003438015
315,2019-05-08,200000,3443.526,58.08,개포동 141,개포로 310  ,개포주공1단지,5,1982,개포동,11680,0.7,285714.286,4919.323,"{'lat': '37.4784893722905', 'lng': '127.061614360667'}",37.4784893722905,127.061614360667
316,2017-05-16,145000,2270.236,63.87,압구정동 490,압구정로 321  ,한양1차(영동한양),10,1977,압구정동,11680,0.6466666666666666,224226.804,3510.675,"{'lat': '37.5303153460239', 'lng': '127.038801247058'}",37.5303153460239,127.038801247058
317,2017-05-31,183000,983.025,186.16,개포동 649,언주로 110  ,경남2차,14,1984,개포동,11680,0.6466666666666666,282989.691,1520.142,"{'lat': '37.4845150908032', 'lng': '127.054173895409'}",37.4845150908032,127.054173895409
318,2020-11-07,300000,1830.943,163.85,개포동 177,개포로 409  ,현대3,2,1986,개포동,11680,0.8806666666666666,340651.022,2079.042,"{'lat': '37.4878922787897', 'lng': '127.060955866212'}",37.4878922787897,127.060955866212
319,2017-12-20,180000,1424.84,126.33,대치동 511,삼성로 150  ,한보미도맨션2,11,1985,대치동,11680,0.666,270270.27,2139.399,"{'lat': '37.4933931510549', 'lng': '127.067350014658'}",37.4933931510549,127.067350014658
320,2019-05-22,89000,1490.039,59.73,신사동 659,압구정로48길 15  ,압구정대원칸타빌아파트,9,2001,신사동,11680,0.7,127142.857,2128.626,"{'lat': '37.5274686878192', 'lng': '127.037226006238'}",37.5274686878192,127.037226006238
321,2021-10-02,41000,1129.788,36.29,논현동 58-2,학동로 165  ,마일스디오빌,6,2004,논현동,11680,1.1433333333333333,35860.058,988.153,"{'lat': '37.513885429675', 'lng': '127.028885611445'}",37.513885429675,127.028885611445
322,2020-08-29,380000,2605.774,145.83,대치동 670,선릉로 206  ,동부센트레빌,17,2005,대치동,11680,0.8453333333333333,449526.814,3082.54,"{'lat': '37.4927930896911', 'lng': '127.055744544281'}",37.4927930896911,127.055744544281
323,2017-07-23,179000,1304.284,137.24,도곡동 467,언주로30길 56  ,타워팰리스1,48,2002,도곡동,11680,0.662,270392.749,1970.218,"{'lat': '37.4882232479436', 'lng': '127.054439125962'}",37.4882232479436,127.054439125962
324,2019-12-16,35000,1071.975,32.65,도곡동 467-19,언주로30길 10  ,현대비젼21,16,1999,도곡동,11680,0.7433333333333333,47085.202,1442.12,"{'lat': '37.4873620167241', 'lng': '127.05132532941'}",37.4873620167241,127.05132532941
325,2018-05-16,110000,1725.22,63.76,일원동 731,광평로10길 6  ,한솔마을,4,1994,일원동,11680,0.6826666666666668,161132.812,2527.177,"{'lat': '37.4820202153818', 'lng': '127.07784941621'}",37.4820202153818,127.07784941621
326,2018-01-19,258000,2730.448,94.49,대치동 1027,삼성로51길 37  ,래미안대치팰리스,23,2015,대치동,11680,0.6713333333333333,384309.831,4067.201,"{'lat': '37.4942977651239', 'lng': '127.058003438015'}",37.4942977651239,127.058003438015
327,2019-06-17,166500,3355.637,49.618,청담동 134-38,영동대로138길 12  ,청담자이,30,2011,청담동,11680,0.7060000000000001,235835.694,4753.027,"{'lat': '37.5236003613447', 'lng': '127.057196116303'}",37.5236003613447,127.057196116303
328,2020-01-15,192000,2261.751,84.89,도곡동 91-5,남부순환로 2803  ,삼성래미안,7,2001,도곡동,11680,0.75,256000.0,3015.667,"{'lat': '37.489778720694', 'lng': '127.050650573046'}",37.489778720694,127.050650573046
329,2019-06-21,255000,1545.548,164.99,도곡동 467-17,언주로30길 57  ,타워팰리스2,34,2003,도곡동,11680,0.7060000000000001,361189.802,2189.162,"{'lat': '37.4897107879722', 'lng': '127.054490523453'}",37.4897107879722,127.054490523453
330,2017-12-16,133000,2217.339,59.9818,도곡동 527,선릉로 221  ,도곡렉슬,3,2006,도곡동,11680,0.666,199699.7,3329.338,"{'lat': '37.4935418220116', 'lng': '127.050547158351'}",37.4935418220116,127.050547158351
331,2018-08-09,97000,1141.579,84.97,세곡동 511,헌릉로590길 10  ,강남신동아파밀리에2단지,6,2011,세곡동,11680,0.7033333333333334,137914.692,1623.099,"{'lat': '37.4641692046074', 'lng': '127.102754461114'}",37.4641692046074,127.102754461114
332,2019-06-30,189000,2232.196,84.67,도곡동 538-3,도곡로 320  ,래미안도곡카운티,6,2016,도곡동,11680,0.7060000000000001,267705.382,3161.75,"{'lat': '37.4950874160645', 'lng': '127.050531237683'}",37.4950874160645,127.050531237683
333,2018-02-12,90800,1516.113,59.89,세곡동 533,자곡로 21  ,세곡푸르지오,9,2012,세곡동,11680,0.6766666666666666,134187.192,2240.561,"{'lat': '37.4667793397486', 'lng': '127.092967002535'}",37.4667793397486,127.092967002535
334,2019-12-18,25000,1177.579,21.23,청담동 76-12,학동로81길 9  ,라테라스청담,2,2018,청담동,11680,0.7433333333333333,33632.287,1584.187,"{'lat': '37.5197379359325', 'lng': '127.050491749038'}",37.5197379359325,127.050491749038
335,2017-10-31,79500,664.216,119.69,논현동 79-7,논현로140길 22  ,한양빌라트,2,1998,논현동,11680,0.668,119011.976,994.335,"{'lat': '37.5170406698756', 'lng': '127.031301274267'}",37.5170406698756,127.031301274267
336,2017-12-22,210000,1950.948,107.64,압구정동 481,압구정로 309  ,현대8차(성수현대:91~95동),5,1980,압구정동,11680,0.666,315315.315,2929.351,"{'lat': '37.5312147011021', 'lng': '127.035439289396'}",37.5312147011021,127.035439289396
337,2021-07-12,80000,1060.305,75.45,역삼동 783-30,언주로63길 32  ,공간쉐르빌,5,2003,역삼동,11680,1.074,74487.896,987.248,"{'lat': '37.4942015393617', 'lng': '127.043532179007'}",37.4942015393617,127.043532179007
338,2018-01-23,90000,784.724,114.69,세곡동 525,헌릉로590길 63  ,강남데시앙파크,1,2011,세곡동,11680,0.6713333333333333,134061.569,1168.904,"{'lat': '37.4602885503743', 'lng': '127.101185384316'}",37.4602885503743,127.101185384316
339,2017-12-23,185000,1175.275,157.41,역삼동 713-7,역삼로 309  ,래미안펜타빌,9,2007,역삼동,11680,0.666,277777.778,1764.677,"{'lat': '37.5006993173268', 'lng': '127.047532688276'}",37.5006993173268,127.047532688276
340,2017-04-13,75500,888.946,84.932,역삼동 722,언주로85길 13  ,경남아너스빌,17,2002,역삼동,11680,0.6426666666666667,117479.253,1383.215,"{'lat': '37.5005715581119', 'lng': '127.04231099391'}",37.5005715581119,127.04231099391
341,2019-12-09,360000,2403.525,149.78,대치동 888,선릉로 222  ,대치아이파크,24,2008,대치동,11680,0.7433333333333333,484304.933,3233.442,"{'lat': '37.4950567005784', 'lng': '127.054562708884'}",37.4950567005784,127.054562708884
342,2021-04-13,204500,3417.618,59.837,개포동 1280,선릉로 8  ,래미안블레스티지,14,2019,개포동,11680,0.9879999999999999,206983.806,3459.127,"{'lat': '37.4811712758974', 'lng': '127.064886971612'}",37.4811712758974,127.064886971612
343,2017-04-20,165000,1632.209,101.09,압구정동 486,압구정로 313  ,한양4,7,1978,압구정동,11680,0.6426666666666667,256742.739,2539.744,"{'lat': '37.5309077439444', 'lng': '127.036865226776'}",37.5309077439444,127.036865226776
344,2020-10-21,100000,2525.253,39.6,수서동 746,광평로19길 10  ,까치마을,15,1993,수서동,11680,0.8633333333333333,115830.116,2925.003,"{'lat': '37.4847340598121', 'lng': '127.087618357538'}",37.4847340598121,127.087618357538
345,2019-05-23,132000,2201.101,59.97,역삼동 763-16,도곡로43길 20  ,래미안그레이튼,4,2009,역삼동,11680,0.7,188571.429,3144.429,"{'lat': '37.4965001990472', 'lng': '127.048147354094'}",37.4965001990472,127.048147354094
346,2017-12-10,109000,1817.357,59.9772,도곡동 527,선릉로 221  ,도곡렉슬,16,2006,도곡동,11680,0.666,163663.664,2728.765,"{'lat': '37.4935418220116', 'lng': '127.050547158351'}",37.4935418220116,127.050547158351
347,2018-08-13,129500,1524.067,84.97,수서동 747,광평로31길 27  ,삼성,5,1997,수서동,11680,0.7033333333333334,184123.223,2166.92,"{'lat': '37.4848961854277', 'lng': '127.090677682629'}",37.4848961854277,127.090677682629
348,2019-05-29,248000,1937.349,128.01,대치동 511,삼성로 150  ,한보미도맨션1,6,1983,대치동,11680,0.7,354285.714,2767.641,"{'lat': '37.4933931510549', 'lng': '127.067350014658'}",37.4933931510549,127.067350014658
349,2017-02-17,125000,1480.516,84.43,대치동 316,삼성로 212  ,은마,2,1979,대치동,11680,0.6393333333333334,195516.163,2315.719,"{'lat': '37.4974180026259', 'lng': '127.065327020175'}",37.4974180026259,127.065327020175
350,2017-12-22,140000,1648.028,84.95,일원동 735,일원로 127  ,가람,2,1993,일원동,11680,0.666,210210.21,2474.517,"{'lat': '37.4824347030678', 'lng': '127.085380414816'}",37.4824347030678,127.085380414816
351,2018-01-22,62500,885.645,70.57,역삼동 796-29,논현로63길 16  ,강남서해더블루,4,2012,역삼동,11680,0.6713333333333333,93098.312,1319.234,"{'lat': '37.4930015908398', 'lng': '127.039117102179'}",37.4930015908398,127.039117102179
352,2021-07-13,203000,3417.508,59.4,역삼동 757,선릉로69길 19  ,역삼래미안,12,2005,역삼동,11680,1.074,189013.035,3182.038,"{'lat': '37.4975161048325', 'lng': '127.050048075024'}",37.4975161048325,127.050048075024
353,2018-01-04,83000,977.045,84.95,세곡동 525,헌릉로590길 63  ,강남데시앙파크,10,2011,세곡동,11680,0.6713333333333333,123634.558,1455.38,"{'lat': '37.4602885503743', 'lng': '127.101185384316'}",37.4602885503743,127.101185384316
354,2020-11-18,258000,2316.394,111.38,압구정동 426,압구정로 151  ,신현대9차,1,1982,압구정동,11680,0.8806666666666666,292959.879,2630.274,"{'lat': '37.5262225982289', 'lng': '127.024479347433'}",37.5262225982289,127.024479347433
355,2019-05-18,155000,1823.529,85.0,대치동 974,삼성로64길 5  ,대치현대,13,1999,대치동,11680,0.7,221428.571,2605.042,"{'lat': '37.5008280252175', 'lng': '127.060973278932'}",37.5008280252175,127.060973278932
356,2020-12-22,240000,1971.9,121.71,일원동 741,개포로110길 50  ,래미안 개포 루체하임,3,2018,일원동,11680,0.9013333333333332,266272.189,2187.759,"{'lat': '37.4893859511722', 'lng': '127.07988209455'}",37.4893859511722,127.07988209455
357,2017-11-09,131500,1712.463,76.79,대치동 316,삼성로 212  ,은마,7,1979,대치동,11680,0.6666666666666666,197250.0,2568.694,"{'lat': '37.4974180026259', 'lng': '127.065327020175'}",37.4974180026259,127.065327020175
358,2017-09-01,170000,1394.231,121.931,삼성동 11,선릉로126길 22  ,롯데캐슬프레미어,12,2007,삼성동,11680,0.6653333333333333,255511.022,2095.538,"{'lat': '37.5152740694001', 'lng': '127.04474442839'}",37.5152740694001,127.04474442839
359,2019-03-29,128700,1537.818,83.69,삼성동 147-2,봉은사로 516  ,미켈란147,18,2004,삼성동,11680,0.6993333333333334,184032.412,2198.977,"{'lat': '37.5132371585627', 'lng': '127.055971939683'}",37.5132371585627,127.055971939683
360,2019-10-18,149000,1157.371,128.74,도곡동 467-7,언주로30길 21  ,아카데미스위트1,13,2004,도곡동,11680,0.728,204670.33,1589.796,"{'lat': '37.4886726430993', 'lng': '127.052102242886'}",37.4886726430993,127.052102242886
361,2019-09-07,180000,2344.055,76.79,대치동 316,삼성로 212  ,은마,5,1979,대치동,11680,0.7213333333333334,249537.893,3249.614,"{'lat': '37.4974180026259', 'lng': '127.065327020175'}",37.4974180026259,127.065327020175
362,2021-08-28,320000,2487.949,128.62,개포동 653,개포로 303  ,현대1차101동~106동,11,1984,개포동,11680,1.106,289330.922,2249.502,"{'lat': '37.4826695293008', 'lng': '127.054425938151'}",37.4826695293008,127.054425938151
363,2017-02-08,135000,1222.937,110.39,대치동 985,도곡로93길 12  ,래미안대치하이스턴,7,1989,대치동,11680,0.6393333333333334,211157.456,1912.831,"{'lat': '37.5010451843454', 'lng': '127.06548703759'}",37.5010451843454,127.06548703759
364,2021-11-09,310000,2612.066,118.68,일원동 743,영동대로 22  ,디에이치자이개포,5,2021,일원동,11680,1.1333333333333333,273529.412,2304.764,"{'lat': '37.490811622259', 'lng': '127.075203973275'}",37.490811622259,127.075203973275
365,2021-12-30,248000,2268.569,109.32,삼성동 108-1,영동대로112길 22  ,아셈,5,2003,삼성동,11680,1.1206666666666667,221296.847,2024.303,"{'lat': '37.5151410761528', 'lng': '127.062088899254'}",37.5151410761528,127.062088899254
366,2017-04-29,104650,2076.801,50.39,개포동 189,삼성로 14  ,개포주공4단지,2,1982,개포동,11680,0.6426666666666667,162837.137,3231.537,"{'lat': '37.4863309275682', 'lng': '127.073168875585'}",37.4863309275682,127.073168875585
367,2020-07-06,480000,2440.264,196.7,압구정동 456,압구정로 201  ,"현대6차(78~81,83,84,86,87동)",9,1978,압구정동,11680,0.83,578313.253,2940.078,"{'lat': '37.5299339057353', 'lng': '127.028904583335'}",37.5299339057353,127.028904583335
368,2020-02-28,91000,1518.945,59.91,논현동 103,도산대로50길 43  ,쌍용,3,1996,논현동,11680,0.7646666666666667,119006.103,1986.415,"{'lat': '37.5196304885538', 'lng': '127.038130798745'}",37.5196304885538,127.038130798745
369,2019-10-19,131800,1556.632,84.67,일원동 626,개포로124길 27  ,삼성,2,1986,일원동,11680,0.728,181043.956,2138.23,"{'lat': '37.4929864141511', 'lng': '127.083730728574'}",37.4929864141511,127.083730728574
370,2018-04-09,220000,1397.624,157.41,역삼동 713-7,역삼로 309  ,래미안펜타빌,14,2007,역삼동,11680,0.6819999999999999,322580.645,2049.302,"{'lat': '37.5006993173268', 'lng': '127.047532688276'}",37.5006993173268,127.047532688276
371,2017-07-19,63000,1054.393,59.75,삼성동 144-10,테헤란로77길 8  ,우정에쉐르2,9,2004,삼성동,11680,0.662,95166.163,1592.739,"{'lat': '37.50705995626', 'lng': '127.054831687639'}",37.50705995626,127.054831687639
372,2018-10-22,24000,926.999,25.89,도곡동 952,강남대로 256  ,대우디오빌,5,2004,도곡동,11680,0.7253333333333333,33088.235,1278.031,"{'lat': '37.4864772207879', 'lng': '127.03352762796'}",37.4864772207879,127.03352762796
373,2017-05-14,220000,1927.289,114.15,대치동 1027,삼성로51길 37  ,래미안대치팰리스,8,2015,대치동,11680,0.6466666666666666,340206.186,2980.343,"{'lat': '37.4942977651239', 'lng': '127.058003438015'}",37.4942977651239,127.058003438015
374,2017-01-14,26750,629.116,42.52,역삼동 706-20,언주로86길 11  ,한화진넥스빌,13,2001,역삼동,11680,0.6393333333333334,41840.459,984.018,"{'lat': '37.5019559669632', 'lng': '127.044242152066'}",37.5019559669632,127.044242152066
375,2022-08-05,160000,2668.001,59.97,청담동 43,학동로 409  ,청담우방아파트,9,1999,청담동,11680,1.0346666666666666,154639.175,2578.609,"{'lat': '37.5181427848492', 'lng': '127.043997193663'}",37.5181427848492,127.043997193663
376,2021-05-17,228000,2692.171,84.69,대치동 63,영동대로 230  ,"대치우성아파트1동,2동,3동,5동,6동,7동",9,1984,대치동,11680,1.0113333333333332,225444.957,2662.002,"{'lat': '37.5002337297672', 'lng': '127.069139134413'}",37.5002337297672,127.069139134413
377,2019-10-19,117500,1962.913,59.86,수서동 747,광평로31길 27  ,삼성,1,1997,수서동,11680,0.728,161401.099,2696.31,"{'lat': '37.4848961854277', 'lng': '127.090677682629'}",37.4848961854277,127.090677682629
378,2017-02-26,105000,1236.608,84.9097,역삼동 754-1,언주로 332  ,역삼푸르지오,1,2006,역삼동,11680,0.6393333333333334,164233.577,1934.215,"{'lat': '37.4977533273856', 'lng': '127.046780606935'}",37.4977533273856,127.046780606935
379,2017-04-19,130500,1196.809,109.04,대치동 1014-3,도곡로78길 22  ,대치삼성,3,2000,대치동,11680,0.6426666666666667,203060.166,1862.254,"{'lat': '37.4963870034067', 'lng': '127.058401866149'}",37.4963870034067,127.058401866149
380,2020-09-07,268000,2523.065,106.22,압구정동 528,압구정로61길 37  ,한양7,10,1981,압구정동,11680,0.8526666666666667,314308.053,2959.029,"{'lat': '37.5291266107317', 'lng': '127.044063152551'}",37.5291266107317,127.044063152551
381,2018-09-28,420000,2140.564,196.21,압구정동 369-1,압구정로29길 71  ,"현대1차(12,13,21,22,31,32,33동)",4,1976,압구정동,11680,0.722,581717.452,2964.77,"{'lat': '37.5330267381014', 'lng': '127.027925536556'}",37.5330267381014,127.027925536556
382,2021-02-15,118500,3773.645,31.402,삼성동 16-2,학동로68길 29  ,삼성동힐스테이트 1단지,21,2008,삼성동,11680,0.9553333333333334,124040.475,3950.082,"{'lat': '37.5163123563071', 'lng': '127.048472953744'}",37.5163123563071,127.048472953744
383,2017-04-05,85700,1431.081,59.8848,역삼동 754-1,언주로 332  ,역삼푸르지오,4,2006,역삼동,11680,0.6426666666666667,133350.622,2226.786,"{'lat': '37.4977533273856', 'lng': '127.046780606935'}",37.4977533273856,127.046780606935
384,2017-07-30,190000,2403.846,79.04,압구정동 490,압구정로 321  ,한양1차(영동한양),11,1977,압구정동,11680,0.662,287009.063,3631.188,"{'lat': '37.5303153460239', 'lng': '127.038801247058'}",37.5303153460239,127.038801247058
385,2018-08-04,147500,1288.772,114.45,수서동 795,광평로34길 55  ,강남데시앙포레,2,2014,수서동,11680,0.7033333333333334,209715.64,1832.378,"{'lat': '37.4809832232715', 'lng': '127.090876576595'}",37.4809832232715,127.090876576595
386,2017-07-17,180000,862.647,208.66,도곡동 192-2,남부순환로377길 25  ,현대파크빌라,8,1998,도곡동,11680,0.662,271903.323,1303.093,"{'lat': '37.4876335297909', 'lng': '127.044567715793'}",37.4876335297909,127.044567715793
387,2021-09-09,42000,1161.504,36.16,삼성동 142-7,선릉로100길 42  ,LG선릉에클라트(A),5,2003,삼성동,11680,1.1306666666666667,37146.226,1027.274,"{'lat': '37.5065582543402', 'lng': '127.050853385036'}",37.5065582543402,127.050853385036
388,2020-02-17,223000,2624.765,84.96,대치동 511,삼성로 150  ,한보미도맨션2,9,1985,대치동,11680,0.7646666666666667,291630.34,3432.56,"{'lat': '37.4933931510549', 'lng': '127.067350014658'}",37.4933931510549,127.067350014658
389,2017-11-27,160000,1578.221,101.38,삼성동 7-3,선릉로130길 20  ,래미안삼성2차,8,2007,삼성동,11680,0.6666666666666666,240000.0,2367.331,"{'lat': '37.5161516847431', 'lng': '127.043436336716'}",37.5161516847431,127.043436336716
390,2021-08-10,390000,2380.226,163.85,개포동 177,개포로 409  ,현대3,4,1986,개포동,11680,1.106,352622.061,2152.103,"{'lat': '37.4878922787897', 'lng': '127.060955866212'}",37.4878922787897,127.060955866212
391,2018-01-18,83000,1386.569,59.86,세곡동 533,자곡로 21  ,세곡푸르지오,8,2012,세곡동,11680,0.6713333333333333,123634.558,2065.395,"{'lat': '37.4667793397486', 'lng': '127.092967002535'}",37.4667793397486,127.092967002535
392,2020-04-25,165000,2016.129,81.84,청담동 30-33,학동로77길 27  ,청담대림이-편한세상,16,2002,청담동,11680,0.7753333333333333,212811.694,2600.338,"{'lat': '37.5205048036403', 'lng': '127.047836421504'}",37.5205048036403,127.047836421504
393,2017-11-06,140000,1823.154,76.79,대치동 316,삼성로 212  ,은마,6,1979,대치동,11680,0.6666666666666666,210000.0,2734.731,"{'lat': '37.4974180026259', 'lng': '127.065327020175'}",37.4974180026259,127.065327020175
394,2017-03-18,93000,1095.535,84.89,신사동 506-9,압구정로2길 20  ,래미안신사,7,2008,신사동,11680,0.642,144859.813,1706.441,"{'lat': '37.5201299348955', 'lng': '127.019620549974'}",37.5201299348955,127.019620549974
395,2019-09-21,235000,2107.623,111.5,압구정동 481,압구정로 309  ,현대8차(성수현대:91~95동),4,1980,압구정동,11680,0.7213333333333334,325785.582,2921.844,"{'lat': '37.5312147011021', 'lng': '127.035439289396'}",37.5312147011021,127.035439289396
396,2019-05-11,129500,1528.384,84.73,일원동 731,광평로10길 6  ,한솔마을,4,1994,일원동,11680,0.7,185000.0,2183.406,"{'lat': '37.4820202153818', 'lng': '127.07784941621'}",37.4820202153818,127.07784941621
397,2021-06-25,390000,1443.108,270.25,청담동 89-12,도산대로59길 25  ,청담동마크노빌,2,2008,청담동,11680,1.042,374280.23,1384.941,"{'lat': '37.5253794985213', 'lng': '127.042158476446'}",37.5253794985213,127.042158476446
398,2021-02-17,319500,2218.581,144.011,역삼동 713-11,역삼로 307  ,역삼I'PARK,15,2006,역삼동,11680,0.9553333333333334,334438.241,2322.31,"{'lat': '37.4993166898535', 'lng': '127.045793188009'}",37.4993166898535,127.045793188009
399,2017-07-15,89500,925.065,96.75,청담동 35-48,학동로63길 14  ,한신오페라하우스2차,1,2005,청담동,11680,0.662,135196.375,1397.379,"{'lat': '37.5188948852237', 'lng': '127.045339442411'}",37.5188948852237,127.045339442411
400,2019-10-11,119500,2337.637,51.12,개포동 12,개포로109길 21  ,삼익대청아파트,12,1992,개포동,11680,0.728,164148.352,3211.04,"{'lat': '37.4941848052623', 'lng': '127.075215384158'}",37.4941848052623,127.075215384158
401,2017-05-09,154700,1829.687,84.55,대치동 506,삼성로 151  ,선경2차(8동-12동),12,1985,대치동,11680,0.6466666666666666,239226.804,2829.412,"{'lat': '37.4921265332679', 'lng': '127.062565123948'}",37.4921265332679,127.062565123948
402,2020-09-11,172000,2027.585,84.83,도곡동 934-10,남부순환로363길 49  ,도곡우성아파트,6,1986,도곡동,11680,0.8526666666666667,201720.094,2377.933,"{'lat': '37.4881982448773', 'lng': '127.037115148391'}",37.4881982448773,127.037115148391
403,2017-05-12,189000,1261.851,149.78,대치동 888,선릉로 222  ,대치아이파크,14,2008,대치동,11680,0.6466666666666666,292268.041,1951.316,"{'lat': '37.4950567005784', 'lng': '127.054562708884'}",37.4950567005784,127.054562708884
404,2018-02-09,133000,795.359,167.22,논현동 55,학동로7길 6  ,스위트캐슬레지던스,3,2004,논현동,11680,0.6766666666666666,196551.724,1175.408,"{'lat': '37.512603426344', 'lng': '127.023887299356'}",37.512603426344,127.023887299356
405,2017-08-21,190000,1343.886,141.381,도곡동 467-29,언주로30길 26  ,타워팰리스3,42,2004,도곡동,11680,0.6646666666666667,285857.573,2021.895,"{'lat': '37.4873363055886', 'lng': '127.052829715042'}",37.4873363055886,127.052829715042
406,2020-12-18,93000,2700.348,34.44,수서동 746,광평로19길 10  ,까치마을,13,1993,수서동,11680,0.9013333333333332,103180.473,2995.949,"{'lat': '37.4847340598121', 'lng': '127.087618357538'}",37.4847340598121,127.087618357538
407,2020-01-17,110000,1292.293,85.12,논현동 62-3,도산대로 232  ,"청학아파트에이동,비동,씨동",5,1976,논현동,11680,0.75,146666.667,1723.058,"{'lat': '37.5202894417201', 'lng': '127.032215511612'}",37.5202894417201,127.032215511612
408,2017-07-14,165000,1945.525,84.81,대치동 503,선릉로 120  ,개포우성1,1,1983,대치동,11680,0.662,249244.713,2938.86,"{'lat': '37.4911253659298', 'lng': '127.059895803084'}",37.4911253659298,127.059895803084
409,2018-01-12,21300,1646.059,12.94,역삼동 727-9,역삼로25길 21  ,요진와이시티미니,6,2012,역삼동,11680,0.6713333333333333,31727.905,2451.925,"{'lat': '37.4975384590489', 'lng': '127.039302102273'}",37.4975384590489,127.039302102273
410,2017-07-27,73000,1218.901,59.89,세곡동 579,헌릉로571길 20  ,강남엘에이치1단지,10,2013,세곡동,11680,0.662,110271.903,1841.241,"{'lat': '37.4667907761882', 'lng': '127.10286961908'}",37.4667907761882,127.10286961908
411,2017-11-25,36000,742.574,48.48,도곡동 955,강남대로44길 24  ,도곡그린빌,2,1995,도곡동,11680,0.6666666666666666,54000.0,1113.861,"{'lat': '37.4861409206115', 'lng': '127.035826164781'}",37.4861409206115,127.035826164781
412,2019-06-20,230000,2715.787,84.69,대치동 500,선릉로 120  ,개포우성2,13,1984,대치동,11680,0.7060000000000001,325779.037,3846.724,"{'lat': '37.4908400715786', 'lng': '127.057241007924'}",37.4908400715786,127.057241007924
413,2017-03-04,87000,2425.425,35.87,개포동 189,삼성로 14  ,개포주공4단지,3,1982,개포동,11680,0.642,135514.019,3777.921,"{'lat': '37.4863309275682', 'lng': '127.073168875585'}",37.4863309275682,127.073168875585
414,2019-07-09,280000,1987.225,140.9,압구정동 397,압구정로 113  ,미성2차,16,1987,압구정동,11680,0.7126666666666667,392890.552,2788.435,"{'lat': '37.5239469817757', 'lng': '127.018254311656'}",37.5239469817757,127.018254311656
415,2017-11-16,238000,1863.014,127.75,대치동 506,삼성로 151  ,선경2차(8동-12동),10,1985,대치동,11680,0.6666666666666666,357000.0,2794.521,"{'lat': '37.4921265332679', 'lng': '127.062565123948'}",37.4921265332679,127.062565123948
416,2020-11-28,188000,2213.327,84.94,도곡동 967,논현로 209  ,경남,14,2005,도곡동,11680,0.8806666666666666,213474.64,2513.24,"{'lat': '37.4888731448198', 'lng': '127.040803692142'}",37.4888731448198,127.040803692142
417,2020-01-10,195000,1717.003,113.57,청담동 30-33,학동로77길 27  ,청담대림이-편한세상,8,2002,청담동,11680,0.75,260000.0,2289.337,"{'lat': '37.5205048036403', 'lng': '127.047836421504'}",37.5205048036403,127.047836421504
418,2021-10-06,275000,3264.637,84.236,삼성동 50,삼성로111길 8  ,현대힐스테이트2단지,18,2008,삼성동,11680,1.1433333333333333,240524.781,2855.368,"{'lat': '37.5138589096778', 'lng': '127.051485875359'}",37.5138589096778,127.051485875359
419,2019-03-30,137000,1628.587,84.122,도곡동 543-7,도곡로28길 8  ,도곡1차아이파크,15,2007,도곡동,11680,0.6993333333333334,195900.858,2328.771,"{'lat': '37.4922748332904', 'lng': '127.043511837517'}",37.4922748332904,127.043511837517
420,2021-05-24,199700,3361.953,59.4,역삼동 757,선릉로69길 19  ,역삼래미안,19,2005,역삼동,11680,1.0113333333333332,197462.096,3324.278,"{'lat': '37.4975161048325', 'lng': '127.050048075024'}",37.4975161048325,127.050048075024
421,2018-01-06,128000,1506.414,84.97,청담동 44-21,선릉로132길 54  ,청담3차이-편한세상(301동),6,2007,청담동,11680,0.6713333333333333,190665.343,2243.914,"{'lat': '37.5185858165975', 'lng': '127.045637094195'}",37.5185858165975,127.045637094195
422,2021-08-14,160000,1974.992,81.013,역삼동 722,언주로85길 13  ,경남아너스빌,11,2002,역삼동,11680,1.106,144665.461,1785.707,"{'lat': '37.5005715581119', 'lng': '127.04231099391'}",37.5005715581119,127.04231099391
423,2017-04-29,258000,1789.182,144.2,압구정동 456,압구정로 201  ,"현대7차(73~77,82,85동)",5,1979,압구정동,11680,0.6426666666666667,401452.282,2783.996,"{'lat': '37.5299339057353', 'lng': '127.028904583335'}",37.5299339057353,127.028904583335
424,2018-08-04,89500,1494.406,59.89,세곡동 579,헌릉로571길 20  ,강남엘에이치1단지,14,2013,세곡동,11680,0.7033333333333334,127251.185,2124.748,"{'lat': '37.4667907761882', 'lng': '127.10286961908'}",37.4667907761882,127.10286961908
425,2021-05-13,327000,2228.828,146.7139,수서동 799,광평로34길 35  ,강남 더샵 포레스트,11,2016,수서동,11680,1.0113333333333332,323335.531,2203.851,"{'lat': '37.4812524561219', 'lng': '127.094873846502'}",37.4812524561219,127.094873846502
426,2019-10-04,218000,1541.933,141.381,도곡동 467-29,언주로30길 26  ,타워팰리스3,20,2004,도곡동,11680,0.728,299450.549,2118.04,"{'lat': '37.4873363055886', 'lng': '127.052829715042'}",37.4873363055886,127.052829715042
427,2020-10-05,72000,989.283,72.78,개포동 1164-20,논현로2길 50  ,한림,6,2002,개포동,11680,0.8633333333333333,83397.683,1145.887,"{'lat': '37.4739474554573', 'lng': '127.054105785138'}",37.4739474554573,127.054105785138
428,2019-07-30,182500,2256.708,80.87,역삼동 757,선릉로69길 19  ,역삼래미안,8,2005,역삼동,11680,0.7126666666666667,256080.449,3166.569,"{'lat': '37.4975161048325', 'lng': '127.050048075024'}",37.4975161048325,127.050048075024
429,2019-05-16,193000,2291.182,84.236,삼성동 16-2,학동로68길 29  ,삼성동힐스테이트 1단지,19,2008,삼성동,11680,0.7,275714.286,3273.117,"{'lat': '37.5163123563071', 'lng': '127.048472953744'}",37.5163123563071,127.048472953744
