,구,행정동,면적 (k㎡),인구 (명),면적 (㎢),인구밀도 (명/㎢),보육시설,외국인주민,중위연령,기초수급자,상가면적,도로비율,임야비율,공원비율,전세m2당보증금,학원갯수
0,종로구,사직동,1.23,9636,1.23,7834,0.09900373599003735,0.04192611041926111,45.7,0.012972187629721877,4292.682926829269,0.2286689649669453,0.03286410837438118,0.021607545669981732,573.0,3.0
1,종로구,삼청동,1.49,2739,1.49,1838,0.020080321285140562,0.03176341730558598,47.9,0.01642935377875137,0.0,0.13747705080336667,0.11473479066417376,0.0,523.0,1.0
2,종로구,부암동,2.27,9782,2.27,4309,0.01574320179922306,0.03874463299938663,46.2,0.017787773461459825,0.0,0.0864702292817473,0.2438079751932211,6.095050044022199e-05,420.0,8.0
3,종로구,평창동,8.87,18329,8.87,2066,0.009547711277210977,0.02346009056686126,47.3,0.007856402422390748,0.0,0.031209785776991905,0.713595830105404,0.0030336157783376716,455.0,14.0
4,종로구,무악동,0.36,8297,0.36,23047,0.028926117873930336,0.011570447149572135,46.1,0.02482825117512354,0.0,0.1005844891780826,0.4569185055325261,0.010461559169220525,787.0,22.0
5,종로구,교남동,0.35,10203,0.35,29151,0.03165735567970205,0.03195138684700578,44.0,0.02107223365676762,0.0,0.28259635455724536,0.0004637693254390805,0.060452610754624554,968.0,5.0
6,종로구,가회동,0.54,4194,0.54,7767,0.042441583214115404,0.03671912255603243,47.8,0.018359561278016214,0.0,0.15145337041395926,0.10449747118507785,0.0036887972091456944,451.0,2.0
7,종로구,종로1.2.3.4가동,2.35,8595,2.35,3657,0.0862129144851658,0.09435718440954043,47.3,0.09144851657940663,31174.893617021276,0.2887253205773705,0.0002727676799475977,0.029949753060443673,636.0,5.0
8,종로구,종로5.6가동,0.6,5476,0.6,9127,0.03341855368882396,0.10719503287070854,43.8,0.05825420014609204,123435.0,0.2673148305931335,0.00033009616218297765,0.025266870700997902,620.0,2.0
9,종로구,이화동,0.78,7705,0.78,9878,0.019208306294613887,0.0873458792991564,40.2,0.037378325762491886,0.0,0.16255158511900225,0.05351640812220778,0.0306190641200787,411.0,4.0
10,종로구,혜화동,1.12,18960,1.12,16929,0.013924050632911392,0.16993670886075948,32.5,0.020042194092827006,0.0,0.14411396427687562,0.05749303581854201,0.004840606440843536,549.0,7.0
11,종로구,창신1동,0.31,5631,0.31,18165,0.031965903036760786,0.2088438998401705,51.3,0.08897176345231753,37403.22580645161,0.15683933509939993,0.03341613828114167,0.02110583406114209,444.0,13.0
12,종로구,창신2동,0.26,9051,0.26,34812,0.02077118550436416,0.1973262622914595,50.8,0.054248149375759586,0.0,0.15683933509939993,0.03341613828114167,0.02110583406114209,444.0,13.0
13,종로구,창신3동,0.23,6733,0.23,29274,0.017228575672062974,0.041437694935392844,47.3,0.036684984405168576,0.0,0.15683933509939993,0.03341613828114167,0.02110583406114209,444.0,13.0
14,종로구,숭인1동,0.23,6106,0.23,26548,0.019161480510972814,0.07959384212250245,48.6,0.04847690795938421,0.0,0.2173077656067477,0.018535387227543373,0.056437818577230334,606.0,15.0
15,종로구,숭인2동,0.35,10175,0.35,29071,0.012285012285012284,0.08687960687960689,40.3,0.04668304668304668,19408.57142857143,0.2173077656067477,0.018535387227543373,0.056437818577230334,606.0,15.0
16,종로구,청운효자동,2.57,12177,2.57,4738,0.03219183706988585,0.018805945635213928,44.8,0.018805945635213928,856.0311284046693,0.1487561857249879,0.18769324184854314,0.018838131728153608,486.0,2.0
17,중구,소공동,0.95,3367,0.95,3544,0.13068013068013068,0.15473715473715474,41.0,0.014553014553014554,4194.736842105263,0.369044001661514,0.0,0.009168376141731839,999.0,1.0
18,중구,회현동,0.84,5432,0.84,6467,0.06406480117820323,0.11174521354933727,52.2,0.08523564064801178,100265.4761904762,0.3325447089340837,0.03725619565506422,0.03281583920255301,658.0,1.0
19,중구,명동,0.99,3742,0.99,3780,0.16755745590593266,0.16408337787279528,45.8,0.024853019775521113,4764.646464646465,0.3444001469359986,0.05075443193499534,0.013204469570575073,651.0,1.0
20,중구,필동,1.14,4679,1.14,4104,0.016883949561872193,0.20025646505663602,39.3,0.02201325069459286,0.0,0.2863016234584659,0.11748661201702894,0.017839278063057518,632.0,2.0
21,중구,장충동,1.36,5301,1.36,3898,0.018298434257687228,0.2044897189209583,35.8,0.029617053386153554,0.0,0.168803525043874,0.16795359019943165,0.041356414218603234,631.0,5.0
22,중구,광희동,0.74,6340,0.74,8568,0.02886435331230284,0.2599369085173502,40.4,0.03659305993690852,97760.81081081081,0.3236206161321428,0.0,0.018168972532160477,613.0,1.0
23,중구,을지로동,0.6,1914,0.6,3190,0.062173458725182866,0.12016718913270637,47.5,0.07732497387669801,200480.0,0.31015363757956554,0.0,0.015572641479726031,775.0,1.0
24,중구,신당5동,0.39,10708,0.39,27456,0.02923048188270452,0.0634105341800523,44.8,0.047721329846843484,9589.74358974359,0.1858173154672616,0.01752598690930444,0.052777218697268494,653.0,96.0
25,중구,황학동,0.33,13444,0.33,40739,0.021496578399285926,0.11068134483784588,40.3,0.03986908658137459,131887.87878787878,0.2649692604356758,0.0,0.0045054294985360874,763.0,3.0
26,중구,중림동,0.48,12351,0.48,25731,0.02890454214233665,0.04032062181199903,44.1,0.050360294712978704,0.0,0.2521479523280429,0.0,0.19683052865234438,898.0,6.0
27,중구,신당동,0.55,9095,0.55,16536,0.01165475536008796,0.2551951621770203,42.4,0.04837822979659153,114045.45454545453,0.33041575276268714,0.005841995636434814,0.01935058792759878,656.0,96.0
28,중구,다산동,0.51,14274,0.51,27988,0.019405912848535798,0.057587221521647754,45.7,0.03551912568306011,0.0,0.1858173154672616,0.01752598690930444,0.052777218697268494,653.0,96.0
29,중구,약수동,0.48,16889,0.48,35185,0.02717745277991592,0.026881402096038842,49.1,0.05589436911599266,7650.0,0.1858173154672616,0.01752598690930444,0.052777218697268494,653.0,96.0
30,중구,청구동,0.34,13818,0.34,40641,0.013026487190620929,0.028006947459834997,47.0,0.05565204805326386,0.0,0.1858173154672616,0.01752598690930444,0.052777218697268494,653.0,96.0
31,중구,동화동,0.26,10433,0.26,40127,0.022524681299722037,0.03345154797277868,47.4,0.020799386561870987,0.0,0.1858173154672616,0.01752598690930444,0.052777218697268494,653.0,96.0
32,용산구,후암동,0.86,17308,0.86,20126,0.026577305292350358,0.0442569909868269,44.5,0.05240351282643864,1326.7441860465117,0.14023899813962543,0.24277310250231596,0.0014488588878025595,529.0,29.0
33,용산구,용산2가동,1.96,10775,1.96,5497,0.013085846867749419,0.1348491879350348,43.5,0.05614849187935035,776.0204081632653,0.076394631647105,0.11196213350040317,0.0005856654019521781,356.0,6.0
34,용산구,남영동,1.19,7825,1.19,6576,0.01674121405750799,0.08830670926517573,51.3,0.1757188498402556,0.0,0.20821197372637432,2.880095650311759e-05,0.002051960039148543,531.0,5.0
35,용산구,원효로2동,0.71,13875,0.71,19542,0.020972972972972972,0.016792792792792794,44.0,0.03293693693693694,0.0,0.18677404059670152,0.01666656361157771,0.003879737291464804,607.0,13.0
36,용산구,효창동,0.44,10156,0.44,23082,0.03840094525403702,0.021465143757384796,41.3,0.012997243009058685,0.0,0.18702178911960732,0.2896186197972272,0.02262310424401247,797.0,22.0
37,용산구,용문동,0.28,11985,0.28,42804,0.028785982478097622,0.01835627868168544,44.5,0.03679599499374218,23107.142857142855,0.17458270305313137,0.0,0.010810978414599883,704.0,11.0
38,용산구,이촌1동,2.86,26632,2.86,9312,0.013029438269750676,0.05042805647341544,44.4,0.0025533193151096424,1790.909090909091,0.05992410133252712,0.0,0.003507297176985042,816.0,44.0
39,용산구,이촌2동,1.22,8374,1.22,6864,0.023286362550752327,0.02280869357535228,47.6,0.020778600429902077,0.0,0.05992410133252712,0.0,0.003507297176985042,816.0,44.0
40,용산구,이태원1동,0.57,8126,0.57,14256,0.028304208712773813,0.24452375092296333,41.9,0.03125769136106325,7866.666666666667,0.146836357029011,0.21083567554086302,0.005195717675070731,518.0,10.0
41,용산구,이태원2동,0.86,10604,0.86,12330,0.012165220671444738,0.1622972463221426,42.3,0.026027913994718974,0.0,0.146836357029011,0.21083567554086302,0.005195717675070731,518.0,10.0
42,용산구,서빙고동,2.8,13912,2.8,4969,0.020126509488211614,0.05757619321449109,45.0,0.023433007475560666,0.0,0.08838383358658702,0.000476845991868828,0.0,418.0,5.0
43,용산구,보광동,0.71,14708,0.71,20715,0.01869730758770737,0.12455806363883601,46.1,0.07383736741909165,4721.12676056338,0.12307783140710564,0.0035523279556401817,0.0013382731356428386,309.0,14.0
44,용산구,청파동,0.9,20076,0.9,22307,0.027545327754532774,0.051902769475991234,41.3,0.05658497708706914,8535.555555555555,0.17142444149807168,0.03436407969844051,0.0108197560285972,553.0,3.0
45,용산구,원효로1동,0.59,16577,0.59,28097,0.01845931109368402,0.04337334861555167,38.3,0.023405923870422875,0.0,0.24520461583612121,0.0,0.03909536824746053,807.0,8.0
46,용산구,한강로동,2.9,23411,2.9,8073,0.030754773397121012,0.08940241766690872,40.4,0.017513134851138354,0.0,0.14908672840881212,0.0,0.010408216316864945,788.0,4.0
47,용산구,한남동,3.01,22941,3.01,7622,0.01586678871888758,0.1294189442482891,43.3,0.02593609694433547,0.0,0.13711081882688567,0.2187335347177479,0.0055810568724865076,720.0,21.0
48,성동구,왕십리2동,0.41,16819,0.41,41022,0.022355669183661334,0.0400737261430525,42.8,0.03264165527082466,10343.90243902439,0.15037020989917743,0.0031032962116322666,0.05146007595763446,832.0,71.0
49,성동구,마장동,1.05,22991,1.05,21896,0.0269235787917011,0.04949762950719847,43.3,0.03644904527858727,15620.0,0.187657977681942,0.031804171830374386,0.0061105652894360004,532.0,24.0
50,성동구,사근동,1.1,13505,1.1,12277,0.013994816734542762,0.15475749722325063,28.9,0.019104035542391706,5970.90909090909,0.11726529200441668,0.00635903864824186,0.01779887127419552,594.0,68.0
51,성동구,행당1동,0.59,14193,0.59,24056,0.03156485591488762,0.037765095469597686,42.2,0.029803424223208624,7084.745762711865,0.15912175920324778,0.010632971835105596,0.03485690278560913,713.0,134.0
52,성동구,행당2동,0.42,23376,0.42,55657,0.02151779603011636,0.009839151266255989,44.9,0.03683264887063655,0.0,0.15912175920324778,0.010632971835105596,0.03485690278560913,713.0,134.0
53,성동구,응봉동,0.57,15458,0.57,27119,0.015008409884849269,0.010027170397205331,44.5,0.014879027041014362,0.0,0.11629681721242396,0.0058181588612048075,0.05180062511130996,557.0,23.0
54,성동구,금호1가동,0.46,15315,0.46,33293,0.03878550440744368,0.01475677440417891,44.6,0.05040809663728371,0.0,0.12076246955035985,0.0226452521705445,0.11561706739265695,781.0,45.0
55,성동구,금호4가동,0.84,14452,0.84,17205,0.02532521450318295,0.028646554110157763,44.0,0.030584002214226403,0.0,0.10594191831032365,0.09511845435565311,0.03397066288996048,794.0,31.0
56,성동구,성수1가1동,1.97,16814,1.97,8535,0.01950755322945165,0.036279291066968006,43.6,0.030629237540145116,958.3756345177665,0.13417927314204037,0.0,0.03910713760975489,716.0,57.0
57,성동구,성수1가2동,0.89,12874,0.89,14465,0.024933975454404227,0.040857542333385115,42.7,0.0208171508466677,0.0,0.13417927314204037,0.0,0.03910713760975489,716.0,57.0
58,성동구,성수2가1동,1.17,16279,1.17,13914,0.014681491492106395,0.06179740770317587,48.1,0.050248786780514774,2445.2991452991455,0.16757810228254244,0.00039623733386751336,0.00621904143412965,537.0,33.0
59,성동구,성수2가3동,1.03,10985,1.03,10665,0.027674101046882112,0.0380518889394629,43.3,0.02275830678197542,0.0,0.16757810228254244,0.00039623733386751336,0.00621904143412965,537.0,33.0
60,성동구,송정동,0.75,10915,0.75,14553,0.02601923957856161,0.06743014200641319,46.3,0.06743014200641319,0.0,0.12798842953548886,0.025799326903019795,0.0006086073197426729,437.0,6.0
61,성동구,용답동,2.31,12568,2.31,5441,0.043602800763844686,0.12293125397835773,43.8,0.0730426479949077,4084.8484848484845,0.13062163052142844,0.017471373232070337,0.0032201724051863848,529.0,8.0
62,성동구,왕십리도선동,0.72,26910,0.72,37375,0.031438127090301006,0.03474544778892605,41.7,0.03422519509476031,8141.666666666667,0.21255421886881115,0.0007758240529080666,0.02708681174876012,792.0,24.0
63,성동구,금호2.3가동,0.64,22909,0.64,35795,0.028896940067222487,0.01916277445545419,44.2,0.033567593522196515,1762.5,0.18399627048021522,0.0339089495568872,0.12210199431774929,706.0,19.0
64,성동구,옥수동,1.94,26309,1.94,13561,0.0296856588999962,0.02922954122163518,43.1,0.020221217074005093,0.0,0.054813763184664785,0.021963658965541467,0.06353181036004259,852.0,60.0
65,광진구,화양동,1.16,26034,1.16,22443,0.007989552124145349,0.14361988169317047,29.4,0.02804025505108704,20256.034482758623,0.1462973267792653,0.0007421833514490864,0.005086164836448412,661.0,27.0
66,광진구,군자동,0.74,21500,0.74,29054,0.023488372093023256,0.12744186046511627,37.8,0.04283720930232558,0.0,0.23228397070900073,0.0,0.0021108912455211656,572.0,29.0
67,광진구,중곡1동,0.62,15862,0.62,25584,0.010276131635354936,0.04476106417853991,42.7,0.062350271088135165,30687.09677419355,0.14389740015620373,0.3792692588534178,0.006362418049252069,523.0,142.0
68,광진구,중곡2동,0.55,21739,0.55,39525,0.02221813330879985,0.032108192649155896,43.0,0.043010258061548366,0.0,0.14389740015620373,0.3792692588534178,0.006362418049252069,523.0,142.0
69,광진구,중곡3동,0.6,16357,0.6,27262,0.051720975729045666,0.03172953475576206,45.8,0.07360762976095861,3503.3333333333335,0.14389740015620373,0.3792692588534178,0.006362418049252069,523.0,142.0
70,광진구,중곡4동,2.32,28954,2.32,12480,0.023278303515921805,0.02476341783518685,47.4,0.052980589901222626,518.9655172413793,0.14389740015620373,0.3792692588534178,0.006362418049252069,523.0,142.0
71,광진구,능동,1.1,11619,1.1,10563,0.018504174197435237,0.04053705138135812,38.7,0.032963249849384625,0.0,0.1157871238187673,0.027406856719335963,0.525013041061231,622.0,12.0
72,광진구,구의1동,0.56,22139,0.56,39534,0.020416459641356882,0.05271240796783956,39.9,0.044085098694611316,0.0,0.17021180809415934,0.13016759687111956,0.019412607268306927,623.0,257.0
73,광진구,구의2동,1.39,27008,1.39,19430,0.02136404028436019,0.03139810426540284,44.8,0.04191350710900474,0.0,0.17021180809415934,0.13016759687111956,0.019412607268306927,623.0,257.0
74,광진구,구의3동,1.02,28891,1.02,28325,0.01789484614585857,0.021494583088158943,43.0,0.019140908933577932,0.0,0.17021180809415934,0.13016759687111956,0.019412607268306927,623.0,257.0
75,광진구,광장동,2.39,34834,2.39,14575,0.014640868117356605,0.010621806281219498,42.4,0.007779755411379687,0.0,0.10191698610310045,0.21052034830511562,0.01677492822572471,760.0,111.0
76,광진구,자양1동,0.57,23134,0.57,40586,0.02455260655312527,0.07841272585804444,43.1,0.055934987464338205,28771.929824561405,0.15048502547265757,4.990554399386344e-06,0.0029835487025166104,644.0,207.0
77,광진구,자양2동,1.68,24930,1.68,14839,0.018010429201764943,0.03060569594865624,44.9,0.0354191736863217,2807.1428571428573,0.15048502547265757,4.990554399386344e-06,0.0029835487025166104,644.0,207.0
78,광진구,자양3동,1.2,28330,1.2,23608,0.02333215672432051,0.022308506883162726,43.8,0.013448641016590187,0.0,0.15048502547265757,4.990554399386344e-06,0.0029835487025166104,644.0,207.0
79,광진구,자양4동,1.16,21296,1.16,18359,0.017045454545454544,0.2744177310293013,46.0,0.04700413223140496,31114.655172413793,0.15048502547265757,4.990554399386344e-06,0.0029835487025166104,644.0,207.0
80,동대문구,회기동,0.76,12727,0.76,16746,0.014457452659699851,0.21159739137267228,29.2,0.028600612870275793,3640.7894736842104,0.09326898599107472,0.06449963744555283,0.0005251558170131317,487.0,14.0
81,동대문구,휘경1동,0.63,16105,0.63,25563,0.017323812480596088,0.16268239677118906,33.2,0.02396771189071717,3457.1428571428573,0.12791523290987233,0.0846627053494408,0.03725052156762898,524.0,49.0
82,동대문구,휘경2동,1.05,24847,1.05,23664,0.023061134140942567,0.04495512536724756,40.6,0.028293154103111038,0.0,0.12791523290987233,0.0846627053494408,0.03725052156762898,524.0,49.0
83,동대문구,청량리동,1.2,19280,1.2,16067,0.01758298755186722,0.050051867219917015,53.6,0.09030082987551867,1221.6666666666667,0.13843411620786117,0.22894536759336404,0.016404303593989374,371.0,24.0
84,동대문구,용신동,1.61,33055,1.61,20531,0.019724701255483285,0.07269702011798518,41.6,0.05082438360308577,2208.695652173913,0.24785407291839978,0.0,0.015786256079819712,750.0,21.0
85,동대문구,제기동,1.18,26577,1.18,22523,0.02178575459984197,0.10494036196711443,45.0,0.059337020732212066,134295.7627118644,0.26232087781381175,0.005720759039635602,0.005394087816861372,491.0,35.0
86,동대문구,전농1동,1.19,29699,1.19,24957,0.023132091989629282,0.031179500993299438,45.8,0.06185393447590828,3566.386554621849,0.168384862947413,0.07422076738278006,0.009034750180864907,565.0,107.0
87,동대문구,전농2동,0.86,18876,0.86,21949,0.02595888959525323,0.033216783216783216,47.3,0.04264674719220174,0.0,0.168384862947413,0.07422076738278006,0.009034750180864907,565.0,107.0
88,동대문구,답십리1동,0.81,29373,0.81,36263,0.02638477513362612,0.024852755932318796,41.4,0.02948285840738093,2190.1234567901233,0.21508508573939936,0.04517242012923188,0.073705549994593,678.0,99.0
89,동대문구,답십리2동,0.85,28595,0.85,33641,0.02598356356006295,0.02063297779332051,47.1,0.045917118377338695,7374.117647058823,0.21508508573939936,0.04517242012923188,0.073705549994593,678.0,99.0
90,동대문구,장안1동,1.25,38794,1.25,31035,0.028741557972882404,0.027865133783574778,44.2,0.04175903490230448,3668.0,0.22447143838774408,0.00010062212734530912,0.021420952284387763,595.0,213.0
91,동대문구,장안2동,1.09,32791,1.09,30083,0.023604037693269495,0.02223170992040499,43.6,0.04165777194962032,0.0,0.22447143838774408,0.00010062212734530912,0.021420952284387763,595.0,213.0
92,동대문구,이문1동,1.04,20870,1.04,20067,0.016339242932438908,0.17925251557259222,33.6,0.03560134163871586,777.8846153846154,0.13992638464341314,0.017466935318884425,0.0047672991816205676,515.0,70.0
93,동대문구,이문2동,0.69,20417,0.69,29590,0.027868932752118332,0.0369789880981535,46.2,0.04941960131263163,0.0,0.13992638464341314,0.017466935318884425,0.0047672991816205676,515.0,70.0
94,중랑구,면목2동,0.77,24405,0.77,31695,0.02573243187871338,0.02905142388854743,48.5,0.07027248514648637,0.0,0.13741863139162228,0.14414128188464045,0.06143618653084333,450.0,171.0
95,중랑구,면목4동,0.87,19308,0.87,22193,0.020975761342448725,0.03247358607830951,47.8,0.0935881499896416,0.0,0.13741863139162228,0.14414128188464045,0.06143618653084333,450.0,171.0
96,중랑구,면목5동,0.7,14897,0.7,21281,0.01946700677988857,0.01752030610189971,43.1,0.05457474659327381,0.0,0.13741863139162228,0.14414128188464045,0.06143618653084333,450.0,171.0
97,중랑구,면목7동,1.2,22070,1.2,18392,0.025781603987313096,0.028228364295423653,47.9,0.05151789759855007,6868.333333333334,0.13741863139162228,0.14414128188464045,0.06143618653084333,450.0,171.0
98,중랑구,상봉1동,0.88,24190,0.88,27489,0.02058701942951633,0.013931376601901612,44.9,0.0708557255064076,0.0,0.2021528557415081,0.08426986327176568,0.020699423571703915,688.0,48.0
99,중랑구,상봉2동,0.65,20647,0.65,31765,0.017823412602315108,0.03215963578243813,39.6,0.05342180462052598,12235.384615384615,0.2021528557415081,0.08426986327176568,0.020699423571703915,688.0,48.0
100,중랑구,중화1동,0.64,19784,0.64,30913,0.02542458552365548,0.01895471087747675,46.1,0.05585321471896482,0.0,0.17856522416684256,0.05244269199736085,0.03268488104906895,462.0,46.0
101,중랑구,중화2동,1.01,25315,1.01,25064,0.018566067548884062,0.03946276910922378,49.4,0.09919020343669761,3253.4653465346532,0.17856522416684256,0.05244269199736085,0.03268488104906895,462.0,46.0
102,중랑구,묵1동,1.2,34636,1.2,28863,0.024165608037879663,0.012472571890518536,44.9,0.03652269315163414,0.0,0.18223195437468007,0.09107435035717293,0.0643114803957615,466.0,67.0
103,중랑구,묵2동,0.67,18946,0.67,28278,0.0247545656075161,0.025810197403145784,47.0,0.05805974875963264,2913.4328358208954,0.18223195437468007,0.09107435035717293,0.0643114803957615,466.0,67.0
104,중랑구,망우3동,0.92,16698,0.92,18150,0.02581147442807522,0.038148281231285185,50.6,0.11504371781051623,0.0,0.12859843649246677,0.1804642015716695,0.04598715962367647,385.0,64.0
105,중랑구,신내1동,2.56,38649,2.56,15097,0.03808636704701286,0.009961447902921161,45.8,0.05425754870759916,1616.015625,0.16085420758091354,0.1799090793986462,0.08626251212205846,466.0,169.0
106,중랑구,신내2동,0.93,20529,0.93,22074,0.029714063032782893,0.009352623118515271,47.9,0.07014467338886453,9560.21505376344,0.16085420758091354,0.1799090793986462,0.08626251212205846,466.0,169.0
107,중랑구,면목본동,0.84,34188,0.84,40700,0.02293202293202293,0.043758043758043756,46.8,0.0742950742950743,14254.761904761905,0.13741863139162228,0.14414128188464045,0.06143618653084333,450.0,171.0
108,중랑구,면목3.8동,1.63,25154,1.63,15432,0.029935596724179055,0.03128727041424823,48.8,0.0783175638069492,3562.5766871165647,0.13741863139162228,0.14414128188464045,0.06143618653084333,450.0,171.0
109,중랑구,망우본동,3.03,32469,3.03,10716,0.026548400012319444,0.02109704641350211,44.9,0.07216113831654809,2784.1584158415844,0.12859843649246677,0.1804642015716695,0.04598715962367647,385.0,64.0
110,성북구,돈암1동,0.49,14791,0.49,30186,0.016293692110066933,0.01372456223379082,48.1,0.041984990872828074,0.0,0.08814160474525637,0.1555057008702977,0.07982155180573146,559.0,95.0
111,성북구,돈암2동,0.48,23913,0.48,49819,0.02078367415213482,0.010747292267804123,44.5,0.015556391920712584,0.0,0.08814160474525637,0.1555057008702977,0.07982155180573146,559.0,95.0
112,성북구,안암동,1.33,16527,1.33,12426,0.023537242088703333,0.1419495371210746,30.9,0.029164397652326497,0.0,0.1923784202416366,0.025672609887954372,0.009400153273596184,406.0,2.0
113,성북구,보문동,0.56,15766,0.56,28154,0.02245338069262971,0.04053025497906888,42.3,0.030825827730559432,0.0,0.2749149983183993,0.03413522296447392,0.016215879178498864,535.0,3.0
114,성북구,정릉1동,0.44,18377,0.44,41766,0.026500516950535995,0.015889427001142733,44.4,0.023017902813299233,0.0,0.09596737677484052,0.27482418950044574,0.036855930166650626,562.0,129.0
115,성북구,정릉2동,1.17,23268,1.17,19887,0.012678356541172426,0.018480316314251333,46.4,0.03257692968884305,0.0,0.06623044111638095,0.40907825089333816,0.04299789265608274,509.0,118.0
116,성북구,정릉3동,3.71,16210,3.71,4369,0.024491054904380014,0.10555212831585441,42.2,0.04657618753855645,0.0,0.04431927748750553,0.6626508009163786,0.006174233506434014,459.0,141.0
117,성북구,정릉4동,3.13,25322,3.13,8090,0.02736750651607298,0.0287102124634705,46.7,0.033567648684938,0.0,0.04431927748750553,0.6626508009163786,0.006174233506434014,459.0,141.0
118,성북구,길음1동,0.79,35615,0.79,45082,0.025326407412607048,0.010781973887406992,42.7,0.01662220974308578,8025.316455696202,0.15544124809175966,0.006316066714660881,0.02457200518778642,668.0,153.0
119,성북구,길음2동,0.58,16780,0.58,28931,0.022228843861740167,0.01728247914183552,42.8,0.030750893921334923,0.0,0.1416343548352459,0.060687049363784856,0.04274385914899122,601.0,126.0
120,성북구,월곡1동,0.81,26525,0.81,32747,0.026955702167766257,0.017945334590009424,45.7,0.03837888784165881,0.0,0.12782746157873215,0.11505803201290883,0.06091571311019602,535.0,99.0
121,성북구,월곡2동,1.36,19896,1.36,14629,0.023220747889022918,0.04035987133092079,43.4,0.037595496582227585,0.0,0.11815768194778334,0.16880492937904992,0.15106082651090708,503.0,58.0
122,성북구,장위1동,0.7,24511,0.7,35016,0.01913426624780711,0.01888947819346416,45.3,0.08212639223205907,0.0,0.20516983554530857,0.015261385096950152,0.022651469555622427,501.0,64.0
123,성북구,장위2동,0.67,13953,0.67,20825,0.02357915860388447,0.03225112878950763,49.3,0.07711603239446714,5368.6567164179105,0.20516983554530857,0.015261385096950152,0.022651469555622427,501.0,64.0
124,성북구,장위3동,0.65,15980,0.65,24585,0.028598247809762202,0.01664580725907384,41.8,0.03710888610763454,2944.6153846153843,0.20516983554530857,0.015261385096950152,0.022651469555622427,501.0,64.0
125,성북구,성북동,2.86,17026,2.86,5953,0.011981675085163866,0.038059438505814634,44.7,0.02443321978151063,0.0,0.21990122698129672,0.11355381095566658,0.02009753797895239,534.0,12.0
126,성북구,삼선동,0.92,23413,0.92,25449,0.014393712894545765,0.03472429846666382,43.6,0.03694528680647503,9405.434782608696,0.2597446996121091,0.04293540919643453,0.01182225040055161,550.0,20.0
127,성북구,동선동,0.73,16115,0.73,22075,0.015451442755197022,0.054917778467266525,34.6,0.028420726031647532,0.0,0.2459511955877965,0.01943821260878721,0.010775008195427784,530.0,30.0
128,성북구,종암동,1.46,40325,1.46,27620,0.021500309981401115,0.05344079355238686,43.7,0.03474271543707377,0.0,0.14424740850734702,0.15578737948238242,0.011578235706494149,548.0,88.0
129,성북구,석관동,1.73,35829,1.73,20710,0.016439197298277933,0.03960478941639454,47.2,0.05263892377682883,9902.890173410406,0.13745396136965285,0.22246535207368487,0.004677397959477931,524.0,47.0
130,강북구,번1동,0.66,18717,0.66,28359,0.019500988406261688,0.03830742106106748,46.4,0.0653416680023508,2968.181818181818,0.13676270612591512,0.1481949354957475,0.27372707476498914,358.0,65.0
131,강북구,번2동,0.95,15932,0.95,16771,0.024165202108963092,0.01518955561134823,51.6,0.11837810695455686,0.0,0.13676270612591512,0.1481949354957475,0.27372707476498914,358.0,65.0
132,강북구,번3동,1.1,16905,1.1,15368,0.02525879917184265,0.012718130730553091,52.3,0.16900325347530318,0.0,0.13676270612591512,0.1481949354957475,0.27372707476498914,358.0,65.0
133,강북구,수유1동,1.67,20849,1.67,12484,0.03458199434025613,0.021679696867955296,48.4,0.07367259820614898,10632.934131736527,0.09656556611359615,0.5151696704370043,0.0018035073747615657,376.0,117.0
134,강북구,수유2동,0.57,21421,0.57,37581,0.028756827412352366,0.016432472807058493,50.2,0.06404929741842118,1861.40350877193,0.09656556611359615,0.5151696704370043,0.0018035073747615657,376.0,117.0
135,강북구,수유3동,0.72,23393,0.72,32490,0.02056170649339546,0.03377078613260377,46.5,0.0734407728807763,9906.944444444445,0.09656556611359615,0.5151696704370043,0.0018035073747615657,376.0,117.0
136,강북구,삼양동,0.91,23802,0.91,26156,0.027602722460297453,0.018065708763969415,49.0,0.07289303419880683,2990.10989010989,0.17788224829874993,0.06522718112474198,0.0307115865621302,395.0,253.0
137,강북구,미아동,0.93,21997,0.93,23653,0.016365868072919034,0.039459926353593675,47.9,0.05818975314815657,0.0,0.17788224829874993,0.06522718112474198,0.0307115865621302,395.0,253.0
138,강북구,송중동,1.01,30035,1.01,29738,0.021308473447644416,0.03342766772099218,47.6,0.05004161811220243,0.0,0.17788224829874993,0.06522718112474198,0.0307115865621302,395.0,253.0
139,강북구,송천동,0.9,26801,0.9,29779,0.01798440356703108,0.03354352449535465,51.5,0.07040782060370882,3053.3333333333335,0.17788224829874993,0.06522718112474198,0.0307115865621302,395.0,253.0
140,강북구,삼각산동,0.62,31470,0.62,50758,0.032507149666348906,0.009342230695900858,44.3,0.0419129329520178,0.0,0.17788224829874993,0.06522718112474198,0.0307115865621302,395.0,253.0
141,강북구,우이동,10.28,20678,10.28,2011,0.03124093239191411,0.019005706548022052,50.3,0.058999903278847084,0.0,0.0547227753280226,0.7021221467410627,0.0028820668961643254,384.0,61.0
142,강북구,인수동,3.28,30563,3.28,9318,0.01338219415633282,0.018617282334849328,50.3,0.06929947976311226,2149.0853658536585,0.09656556611359615,0.5151696704370043,0.0018035073747615657,376.0,117.0
143,도봉구,쌍문1동,1.24,21658,1.24,17466,0.0253024286637732,0.02507156708837381,48.9,0.05886970172684458,5310.483870967742,0.1598831928877957,0.1091707881165355,0.028619570064826946,396.0,190.0
144,도봉구,쌍문2동,0.54,18864,0.54,34933,0.028042832909245124,0.0193490245971162,48.8,0.05619168787107719,0.0,0.1598831928877957,0.1091707881165355,0.028619570064826946,396.0,190.0
145,도봉구,쌍문3동,0.5,16768,0.5,33536,0.02856631679389313,0.021708015267175574,47.2,0.055999522900763356,28084.0,0.1598831928877957,0.1091707881165355,0.028619570064826946,396.0,190.0
146,도봉구,쌍문4동,0.52,18643,0.52,35852,0.014107171592554847,0.007187684385560264,46.5,0.019310196856729068,0.0,0.1598831928877957,0.1091707881165355,0.028619570064826946,396.0,190.0
147,도봉구,방학1동,0.69,28912,0.69,41901,0.018020199225235196,0.017951023796347537,49.4,0.0646098505810736,0.0,0.1194840584338997,0.4091266266499821,0.022872464952810107,381.0,140.0
148,도봉구,방학2동,0.74,19867,0.74,26847,0.036845019378869484,0.025570040771128,51.2,0.12352141742588212,5029.72972972973,0.1194840584338997,0.4091266266499821,0.022872464952810107,381.0,140.0
149,도봉구,방학3동,2.62,27110,2.62,10347,0.019881962375507194,0.007082257469568425,47.9,0.015049797122832904,0.0,0.1194840584338997,0.4091266266499821,0.022872464952810107,381.0,140.0
150,도봉구,창1동,0.88,24827,0.88,28213,0.01868933016474,0.012647520844242156,46.9,0.024690860756434528,16285.227272727272,0.16875785171749746,0.10658988262997222,0.059561640302678076,434.0,256.0
151,도봉구,창2동,1.05,29337,1.05,27940,0.028496437945256844,0.018918089784231516,46.6,0.0440058629035007,2877.142857142857,0.16875785171749746,0.10658988262997222,0.059561640302678076,434.0,256.0
152,도봉구,창3동,0.67,13923,0.67,20781,0.03354162177691589,0.019248725131078073,49.8,0.08281261222437693,2704.477611940298,0.16875785171749746,0.10658988262997222,0.059561640302678076,434.0,256.0
153,도봉구,창4동,0.95,26583,0.95,27982,0.026445472670503706,0.007034570966407102,46.1,0.013203927321972689,8702.105263157895,0.16875785171749746,0.10658988262997222,0.059561640302678076,434.0,256.0
154,도봉구,창5동,0.7,24709,0.7,35299,0.02294710429398195,0.010117770852725727,46.4,0.025375369298636125,0.0,0.16875785171749746,0.10658988262997222,0.059561640302678076,434.0,256.0
155,도봉구,도봉1동,8.72,21210,8.72,2432,0.019094766619519095,0.017067421027817067,53.5,0.07557755775577557,300.80275229357795,0.045638457229569926,0.7494686517794169,0.011367002170413075,371.0,42.0
156,도봉구,도봉2동,0.83,26962,0.83,32484,0.029968103256434984,0.011905644981826275,50.8,0.04001928640308582,9912.048192771084,0.045638457229569926,0.7494686517794169,0.011367002170413075,371.0,42.0
157,노원구,월계1동,1.16,22240,1.16,19172,0.025629496402877698,0.043839928057553955,45.0,0.04010791366906475,0.0,0.0832148884956429,0.3128538018659758,0.020187881436267468,443.0,92.0
158,노원구,월계2동,1.94,26704,1.94,13765,0.01879868184541642,0.015990113840623127,49.4,0.11743559017375674,0.0,0.0832148884956429,0.3128538018659758,0.020187881436267468,443.0,92.0
159,노원구,월계3동,1.17,30069,1.17,25700,0.022016029798130967,0.013502278093717783,46.8,0.06914097575576175,0.0,0.0832148884956429,0.3128538018659758,0.020187881436267468,443.0,92.0
160,노원구,공릉2동,6.82,41004,6.82,6012,0.03309433226026729,0.03504536142815335,40.8,0.023534289337625598,0.0,0.07043554627763202,0.3105812097741594,0.012291038951992878,466.0,167.0
161,노원구,하계1동,1.55,27036,1.55,17443,0.020195295162006213,0.024263944370469005,45.5,0.10741233910341766,0.0,0.13721030749192534,0.18108118720529567,0.03966251598509314,498.0,85.0
162,노원구,하계2동,0.51,22034,0.51,43204,0.014341472270127983,0.006535354452210221,45.0,0.056322047744395025,0.0,0.13721030749192534,0.18108118720529567,0.03966251598509314,498.0,85.0
163,노원구,중계본동,1.97,24009,1.97,12187,0.013286684160106626,0.006206006081052939,43.9,0.025657045274688657,0.0,0.09237594876956755,0.4513862667548138,0.03573315686525407,516.0,619.0
164,노원구,중계1동,0.63,26877,0.63,42662,0.015738363656658108,0.0077389589611935854,42.8,0.029281541838746886,0.0,0.09237594876956755,0.4513862667548138,0.03573315686525407,516.0,619.0
165,노원구,중계4동,1.7,19975,1.7,11750,0.008760951188986232,0.005707133917396746,48.3,0.09171464330413016,0.0,0.08369666098565495,0.5055045185897873,0.028033118002881285,464.0,557.0
166,노원구,상계1동,5.62,38275,5.62,6810,0.028164598301763554,0.008647942521227955,47.9,0.04984977139124755,0.0,0.07501737320174234,0.5596227704247608,0.020333079140508498,412.0,496.0
167,노원구,상계2동,0.61,20143,0.61,33021,0.03604229757235764,0.016233927418954474,47.5,0.051531549421635306,0.0,0.07501737320174234,0.5596227704247608,0.020333079140508498,412.0,496.0
168,노원구,상계5동,1.01,24077,1.01,23839,0.014121360634630561,0.01299995846658637,49.8,0.08551729866677742,25407.920792079207,0.07501737320174234,0.5596227704247608,0.020333079140508498,412.0,496.0
169,노원구,상계8동,0.67,22598,0.67,33728,0.030887689176033278,0.005398707850252235,39.8,0.015620851402779006,0.0,0.07501737320174234,0.5596227704247608,0.020333079140508498,412.0,496.0
170,노원구,상계9동,0.81,20529,0.81,25344,0.016513225193628526,0.011447221004432753,46.0,0.025719713575916996,0.0,0.07501737320174234,0.5596227704247608,0.020333079140508498,412.0,496.0
171,노원구,상계10동,0.8,18731,0.8,23414,0.01825850194864129,0.00672681650739416,44.0,0.02333030804548609,0.0,0.07501737320174234,0.5596227704247608,0.020333079140508498,412.0,496.0
172,노원구,상계3.4동,5.05,26268,5.05,5202,0.030455306837216384,0.011420740063956145,50.9,0.09936043855641846,0.0,0.07501737320174234,0.5596227704247608,0.020333079140508498,412.0,496.0
173,노원구,상계6.7동,1.11,32774,1.11,29526,0.019375114419967046,0.00948922926710197,44.5,0.03286141453591261,2252.252252252252,0.07501737320174234,0.5596227704247608,0.020333079140508498,412.0,496.0
174,노원구,중계2.3동,0.9,34326,0.9,38140,0.01599370739381227,0.010050690438734487,48.3,0.14333158538717009,5878.888888888889,0.09237594876956755,0.4513862667548138,0.03573315686525407,516.0,619.0
175,노원구,공릉1동,1.41,37277,1.41,26438,0.02001234004882367,0.02422405236472892,43.8,0.06564369450331303,7922.6950354609935,0.07043554627763202,0.3105812097741594,0.012291038951992878,466.0,167.0
176,은평구,녹번동,1.79,37164,1.79,20762,0.03454956409428479,0.02044989775051125,45.4,0.047061672586373914,0.0,0.105339200545343,0.3809590955315069,0.022192772071081633,519.0,65.0
177,은평구,불광1동,3.13,38777,3.13,12389,0.020115016633571448,0.016710936895582434,47.5,0.04768290481470975,0.0,0.07004128524059353,0.5573136066091133,0.013132145412672129,445.0,116.0
178,은평구,갈현1동,0.97,22077,0.97,22760,0.026226389455089007,0.020745572315079043,48.5,0.08148752094940435,16901.03092783505,0.15042910221354672,0.24317719992667125,0.004945455296581176,436.0,166.0
179,은평구,갈현2동,0.96,28547,0.96,29736,0.02438084562300767,0.02364521666024451,45.9,0.051003608084912604,5116.666666666667,0.15042910221354672,0.24317719992667125,0.004945455296581176,436.0,166.0
180,은평구,구산동,1.38,32464,1.38,23525,0.02270206998521439,0.018944061113849185,47.3,0.04731394775751602,0.0,0.10273535146014924,0.39159738873791894,0.010137633245530785,459.0,74.0
181,은평구,대조동,0.85,27204,0.85,32005,0.022864284664019997,0.027054844875753565,44.7,0.058631083664167034,6697.64705882353,0.21753032477509562,0.001277055853757784,0.005374590876778954,527.0,57.0
182,은평구,응암1동,1.2,33287,1.2,27739,0.03367681076696608,0.020218103163397123,42.6,0.03469823054045123,0.0,0.17529005508998544,0.15202868201325376,0.01658683276609918,524.0,173.0
183,은평구,응암2동,0.78,28107,0.78,36035,0.03376383107410965,0.01654392144305689,42.1,0.03846017006439677,4343.589743589743,0.17529005508998544,0.15202868201325376,0.01658683276609918,524.0,173.0
184,은평구,신사1동,0.84,27231,0.84,32418,0.03143476185230069,0.016708897947192537,46.3,0.04035841504168044,0.0,0.0,0.0,0.0,481.0,568.0
185,은평구,신사2동,1.0,20330,1.0,20330,0.025479586817511068,0.014953271028037384,47.0,0.055041810132808656,0.0,0.0,0.0,0.0,481.0,568.0
186,은평구,증산동,0.81,15034,0.81,18560,0.023812691233204737,0.016096847146468005,46.0,0.04523081016362911,2680.2469135802467,0.19699826415245736,0.19733619595041554,0.00401407004859333,388.0,43.0
187,은평구,수색동,1.29,12752,1.29,9885,0.013331242158092848,0.012233375156838143,45.3,0.04501254705144291,832.5581395348837,0.11140781448335582,0.3134548612657069,0.0027654946487697903,541.0,8.0
188,은평구,진관동,11.53,56012,11.53,4858,0.028833107191316147,0.010622723702063843,43.8,0.028422480896950653,0.0,0.04398894976399673,0.6566129692613282,0.03303171651449509,520.0,179.0
189,은평구,불광2동,1.38,27798,1.38,20143,0.013813943449169004,0.02302323908194834,49.0,0.08036549392042593,1155.072463768116,0.07004128524059353,0.5573136066091133,0.013132145412672129,445.0,116.0
190,은평구,응암3동,0.63,24637,0.63,39106,0.023014165685757194,0.027966067297154687,49.1,0.07768803019848196,16026.984126984127,0.17529005508998544,0.15202868201325376,0.01658683276609918,524.0,173.0
191,은평구,역촌동,1.16,45752,1.16,39441,0.024348662353558315,0.019999125721279945,46.3,0.05175730022731247,0.0,0.1987526961405564,0.05796926658760981,0.0046195256173928775,472.0,115.0
192,서대문구,천연동,0.97,17359,0.97,17896,0.029091537530963767,0.024137335099948153,46.8,0.04343568177890431,2561.855670103093,0.14386212185074368,0.22086261102057528,0.07531060322065115,627.0,9.0
193,서대문구,홍제1동,1.23,23929,1.23,19454,0.023569727109365207,0.01918174599857913,46.8,0.03288896318274897,0.0,0.08222642927163594,0.44855469603548004,0.03341615834988386,497.0,138.0
194,서대문구,홍제2동,1.05,13801,1.05,13144,0.020940511557133543,0.014853996087240055,48.5,0.04340265198174045,0.0,0.08222642927163594,0.44855469603548004,0.03341615834988386,497.0,138.0
195,서대문구,홍제3동,0.81,15478,0.81,19109,0.028750484558728518,0.019446956971184908,48.1,0.04858508851272774,8388.888888888889,0.08222642927163594,0.44855469603548004,0.03341615834988386,497.0,138.0
196,서대문구,홍은1동,1.58,22933,1.58,14515,0.015523481445951249,0.017790956263899184,47.5,0.03396851698425849,8807.59493670886,0.07722388782944743,0.49359762136275054,0.014159976175664809,435.0,110.0
197,서대문구,홍은2동,2.06,27222,2.06,13215,0.00903680846374256,0.04235544779957388,46.3,0.04514730732495775,0.0,0.07722388782944743,0.49359762136275054,0.014159976175664809,435.0,110.0
198,서대문구,남가좌1동,0.51,15627,0.51,30641,0.03014014206181609,0.02809240417226595,41.7,0.018365649196902797,2668.627450980392,0.18198061229017312,0.00013940198777675575,0.03540061701709538,655.0,94.0
199,서대문구,남가좌2동,0.77,30807,0.77,40009,0.024474956990294415,0.05086506313500178,42.0,0.04317200636219041,11845.454545454546,0.18198061229017312,0.00013940198777675575,0.03540061701709538,655.0,94.0
200,서대문구,북가좌1동,0.55,18121,0.55,32947,0.02301197505656421,0.016334639368688262,45.2,0.03002041829921086,0.0,0.21608095162665097,0.00047891023087458115,0.020800288171600435,483.0,128.0
201,서대문구,북가좌2동,0.84,31893,0.84,37968,0.014705421252312419,0.02241871257015646,47.4,0.047690715831060104,0.0,0.21608095162665097,0.00047891023087458115,0.020800288171600435,483.0,128.0
202,서대문구,충현동,1.12,20760,1.12,18536,0.02105009633911368,0.03367052023121387,43.3,0.03458574181117534,0.0,0.20054390504010713,0.004824420416373559,0.007310977768256624,533.0,13.0
203,서대문구,북아현동,0.46,16236,0.46,35296,0.03972653362897265,0.03258191672825819,42.2,0.0366469573786647,19945.652173913044,0.14006529111148913,0.007000976074740473,0.016332237657680958,771.0,32.0
204,서대문구,신촌동,2.63,23759,2.63,9034,0.020834210194031734,0.23536344122227368,28.9,0.022475693421440297,6041.825095057035,0.13263324486362651,0.16800486001501763,0.0061585822608111835,539.0,24.0
205,서대문구,연희동,3.05,37734,3.05,12372,0.017729368739068215,0.10213600466422855,40.2,0.024619706365611914,1219.344262295082,0.12675523630499042,0.2653660420593206,0.013860728740692852,475.0,66.0
206,마포구,용강동,0.84,22038,0.84,26236,0.019920137943552046,0.029766766494237228,42.3,0.01955712859606135,17003.571428571428,0.19221767644998797,0.011303528124910388,0.008428482053786301,753.0,43.0
207,마포구,대흥동,0.87,15848,0.87,18216,0.01621655729429581,0.12115093387178193,35.1,0.030477031802120143,0.0,0.2275367380971334,0.047729496784089276,0.009451458750004365,753.0,60.0
208,마포구,염리동,0.44,17657,0.44,40130,0.02112476638160503,0.030242963130769667,39.6,0.022937078778954522,0.0,0.2066091370584261,0.0004756526601332376,0.008582623095999924,802.0,60.0
209,마포구,신수동,0.78,22834,0.78,29274,0.024349654024700008,0.02561968993606026,42.3,0.017955680126127704,1400.0,0.18082321663835765,0.03420093793457086,0.03579385977717234,688.0,204.0
210,마포구,서교동,1.65,26549,1.65,16090,0.013936494783231007,0.08749858751742062,35.7,0.015744472484839355,11548.48484848485,0.2924855099088756,0.015261816901517433,0.009511728153136853,632.0,80.0
211,마포구,합정동,1.72,17649,1.72,10261,0.021984248399342737,0.033939599977335824,40.2,0.03206980565471131,893.6046511627907,0.16855593313603953,0.0032870688406711934,0.001504401381114533,598.0,31.0
212,마포구,망원1동,1.13,20351,1.13,18010,0.024077440911994496,0.029679131246621786,42.3,0.035477372119306176,2538.0530973451328,0.1372389909876137,0.0008993940146645907,0.0036212925632488815,612.0,76.0
213,마포구,망원2동,0.67,18764,0.67,28006,0.02350245150287785,0.02371562566616926,43.6,0.028192283095288852,2394.0298507462685,0.1372389909876137,0.0008993940146645907,0.0036212925632488815,612.0,76.0
214,마포구,연남동,0.64,15899,0.64,24842,0.011195672683816592,0.08101138436379647,39.2,0.017045097175923014,768.75,0.2212486475470838,0.0,0.003083072698525188,579.0,18.0
215,마포구,성산1동,0.8,19246,0.8,24058,0.01008001662683155,0.02966850254598358,42.7,0.030343967577678477,0.0,0.18132670746845314,0.08214608193479335,0.12588301759766773,679.0,102.0
216,마포구,성산2동,2.07,39909,2.07,19280,0.025357688741887794,0.015209601844195545,41.6,0.05497506828033777,6940.579710144928,0.17526031455987773,0.04382059975766825,0.06727920788080485,631.0,66.0
217,마포구,상암동,8.4,31473,8.4,3747,0.04181361802179646,0.030184602675308994,42.2,0.038731611222317545,1358.452380952381,0.06431257968333516,0.000896666418363336,0.274713333725022,614.0,105.0
218,마포구,도화동,0.62,21391,0.62,34502,0.020709644242905896,0.022158851853583284,44.3,0.023514562199055677,25358.064516129034,0.2462273690211585,3.418327774562651e-05,0.009822500096972143,595.0,31.0
219,마포구,서강동,1.45,25600,1.45,17655,0.02796875,0.03921875,39.4,0.013515625,0.0,0.13940054816438757,0.042409698841156716,0.03289057549492762,630.0,188.0
220,마포구,공덕동,1.01,37792,1.01,37418,0.016484970364098222,0.03257303132938188,43.1,0.030456181202370872,3354.4554455445545,0.2205899089303381,0.00025491796893943207,0.017223894731922977,766.0,46.0
221,마포구,아현동,0.76,25686,0.76,33797,0.035544654675698825,0.027563653352020556,41.1,0.020400218017597133,5797.368421052632,0.21352784819921433,0.0003171017734221584,0.016235513089030623,831.0,62.0
222,양천구,목1동,1.41,30883,1.41,21903,0.01078263122106013,0.010555969303500308,42.6,0.01117119450830554,0.0,0.16723114097351674,0.00028917696339308166,0.07894619155812727,673.0,1056.0
223,양천구,목2동,1.03,30139,1.03,29261,0.02382295364809715,0.016987955804771228,42.3,0.037127973721755865,1310.6796116504854,0.16723114097351674,0.00028917696339308166,0.07894619155812727,673.0,1056.0
224,양천구,목3동,0.53,21977,0.53,41466,0.025981708149428948,0.01924739500386768,43.4,0.04977931473813532,9633.962264150943,0.16723114097351674,0.00028917696339308166,0.07894619155812727,673.0,1056.0
225,양천구,목4동,0.57,25544,0.57,44814,0.018399624177889134,0.01828217976824303,44.3,0.039030692139054184,3656.140350877193,0.16723114097351674,0.00028917696339308166,0.07894619155812727,673.0,1056.0
226,양천구,목5동,1.81,41308,1.81,22822,0.015517575288079791,0.006512055776120848,43.3,0.0011862109034569575,0.0,0.16723114097351674,0.00028917696339308166,0.07894619155812727,673.0,1056.0
227,양천구,신월1동,0.65,20693,0.65,31835,0.03837046344174359,0.03464939834726719,49.9,0.08717923935630406,6724.615384615385,0.19809277734828398,0.11097653450943606,0.09577834323949454,446.0,239.0
228,양천구,신월2동,0.61,20819,0.61,34130,0.037369710360728184,0.020942408376963352,46.3,0.037705941687881266,3124.590163934426,0.19809277734828398,0.11097653450943606,0.09577834323949454,446.0,239.0
229,양천구,신월3동,0.87,15372,0.87,17669,0.03493364558938329,0.030965391621129327,49.2,0.09862086911267239,0.0,0.19809277734828398,0.11097653450943606,0.09577834323949454,446.0,239.0
230,양천구,신월4동,0.52,18012,0.52,34638,0.031256939817899176,0.016877637130801686,46.0,0.022984676882078614,0.0,0.19809277734828398,0.11097653450943606,0.09577834323949454,446.0,239.0
231,양천구,신월5동,0.69,14750,0.69,21377,0.03335593220338983,0.02528813559322034,45.6,0.052,0.0,0.19809277734828398,0.11097653450943606,0.09577834323949454,446.0,239.0
232,양천구,신월6동,0.41,13945,0.41,34012,0.03958408031552528,0.009537468626747939,41.5,0.01921835783434923,5817.073170731707,0.19809277734828398,0.11097653450943606,0.09577834323949454,446.0,239.0
233,양천구,신월7동,1.19,19917,1.19,16737,0.02876939298087061,0.020585429532560123,50.1,0.05382336697293769,1888.235294117647,0.19809277734828398,0.11097653450943606,0.09577834323949454,446.0,239.0
234,양천구,신정1동,0.7,20487,0.7,29267,0.017474496021867524,0.012446917557475472,43.8,0.01283740908869039,1914.2857142857144,0.171826648760678,0.07224257198294505,0.1196054579178446,586.0,865.0
235,양천구,신정2동,0.52,19596,0.52,37685,0.01658501735047969,0.013370075525617474,45.0,0.03628291488058787,8475.0,0.171826648760678,0.07224257198294505,0.1196054579178446,586.0,865.0
236,양천구,신정4동,1.01,33343,1.01,33013,0.027801937438142937,0.04303751911945536,45.2,0.0527247098341481,0.0,0.171826648760678,0.07224257198294505,0.1196054579178446,586.0,865.0
237,양천구,신정3동,2.72,49979,2.72,18375,0.02122891614478081,0.01946817663418636,44.7,0.04762000040016807,0.0,0.171826648760678,0.07224257198294505,0.1196054579178446,586.0,865.0
238,양천구,신정6동,0.96,24552,0.96,25575,0.016943629846855653,0.005131964809384164,43.1,0.0031362007168458782,0.0,0.171826648760678,0.07224257198294505,0.1196054579178446,586.0,865.0
239,양천구,신정7동,1.21,29171,1.21,24108,0.023242261149772035,0.015014912070206712,46.8,0.061053786294607656,0.0,0.171826648760678,0.07224257198294505,0.1196054579178446,586.0,865.0
240,강서구,염창동,1.74,41764,1.74,24002,0.03287520352456661,0.007015611531462504,39.8,0.005578967531845609,0.0,0.11897747600646558,0.02830457326659115,0.04219087762303011,656.0,86.0
241,강서구,등촌1동,0.64,24436,0.64,38181,0.020134228187919462,0.01555082664920609,37.0,0.012645277459486005,3632.8125,0.18685108348726928,0.12362532451426052,0.024539827005801745,666.0,189.0
242,강서구,등촌2동,0.92,20423,0.92,22199,0.01782304264799491,0.013171424374479754,43.4,0.021152622043774175,0.0,0.18685108348726928,0.12362532451426052,0.024539827005801745,666.0,189.0
243,강서구,등촌3동,0.79,30714,0.79,38878,0.022139740834798464,0.015367584814742463,49.3,0.17929934231946343,0.0,0.18685108348726928,0.12362532451426052,0.024539827005801745,666.0,189.0
244,강서구,화곡본동,0.98,34612,0.98,35318,0.038917138564659656,0.0288628221426095,41.1,0.0550098231827112,2893.877551020408,0.18269793857946753,0.10816720948643559,0.051783308779550286,617.0,342.0
245,강서구,화곡2동,0.45,18096,0.45,40213,0.028625110521662247,0.03735632183908046,44.1,0.05166887709991158,0.0,0.18269793857946753,0.10816720948643559,0.051783308779550286,617.0,342.0
246,강서구,화곡3동,0.53,21661,0.53,40870,0.02349845344166936,0.018281704445778126,45.1,0.03125432805502978,5167.924528301886,0.18269793857946753,0.10816720948643559,0.051783308779550286,617.0,342.0
247,강서구,화곡4동,0.82,20820,0.82,25390,0.0329490874159462,0.035350624399615754,46.1,0.05898174831892411,9250.0,0.18269793857946753,0.10816720948643559,0.051783308779550286,617.0,342.0
248,강서구,화곡6동,1.11,25096,1.11,22609,0.024585591329295504,0.021198597386037615,42.4,0.04060408033152694,0.0,0.18269793857946753,0.10816720948643559,0.051783308779550286,617.0,342.0
249,강서구,화곡8동,0.53,24789,0.53,46772,0.022348622372826657,0.04046149501795151,44.4,0.046189842268748234,25315.09433962264,0.18269793857946753,0.10816720948643559,0.051783308779550286,617.0,342.0
250,강서구,가양1동,4.7,34395,4.7,7318,0.029917139119058002,0.014217182730047972,35.5,0.008925715947085333,0.0,0.1208297663725675,0.003268305230609966,0.0999891802672567,659.0,132.0
251,강서구,가양2동,1.0,14109,1.0,14109,0.024948614359628606,0.015380253738748316,55.7,0.2360195619817138,0.0,0.11996862004951273,0.0011994922365948931,0.08191623023774658,610.0,41.0
252,강서구,가양3동,0.5,15138,0.5,30276,0.019091029198044656,0.018034086405073327,49.6,0.15272823358435725,0.0,0.11996862004951273,0.0011994922365948931,0.08191623023774658,610.0,41.0
253,강서구,발산1동,2.94,36572,2.94,12439,0.029093295417259104,0.011128732363556819,43.3,0.04227277698785956,4577.551020408163,0.12607329249362423,0.06427380569545248,0.10685441195620549,613.0,172.0
254,강서구,공항동,10.87,31483,10.87,2896,0.03338309563891624,0.038941651049772895,40.9,0.056252580757869326,0.0,0.06290855076380975,0.023426080011771013,0.02725597962875743,585.0,116.0
255,강서구,방화1동,1.48,43181,1.48,29176,0.026168916884740975,0.015400291795002432,43.5,0.02802158356684653,2335.810810810811,0.10981832281391724,0.039913847545769494,0.05451195925751486,585.0,116.0
256,강서구,방화2동,6.41,23656,6.41,3690,0.020629015894487658,0.026885356780520796,46.3,0.07177882989516401,558.8143525741029,0.08490605601469756,0.13392426855099857,0.019379118190875587,401.0,108.0
257,강서구,방화3동,2.55,22924,2.55,8990,0.029139766183912057,0.014875239923224568,48.9,0.09928459256674228,0.0,0.1157365307131347,0.10112876358646102,0.03823646655437758,535.0,108.0
258,강서구,화곡1동,1.12,52770,1.12,47116,0.018571157854841765,0.04153875307940118,41.4,0.03735076748152359,9233.035714285714,0.18269793857946753,0.10816720948643559,0.051783308779550286,617.0,342.0
259,강서구,우장산동,1.36,43129,1.36,31713,0.0215864035799578,0.011569941338774375,43.2,0.01609126110041967,0.0,0.17366140511833345,0.07978632495891311,0.1203198264021363,581.0,317.0
260,구로구,신도림동,1.47,36342,1.47,24722,0.026883495679929557,0.018105772934896264,41.4,0.0051730779813989325,0.0,0.15184927526418657,0.0,0.0078093207017235385,667.0,114.0
261,구로구,구로1동,1.02,21166,1.02,20751,0.032221487290938294,0.016724936218463573,41.4,0.004724558253803269,0.0,0.19882981249899281,0.0007053219139149403,0.007751013079834572,507.0,212.0
262,구로구,구로2동,1.76,31164,1.76,17707,0.02441920164292132,0.4893145937620331,50.9,0.03619561031959954,2450.568181818182,0.19882981249899281,0.0007053219139149403,0.007751013079834572,507.0,212.0
263,구로구,구로3동,1.02,25157,1.02,24664,0.028858766943594228,0.14508884207178915,40.7,0.01955718090392336,0.0,0.19882981249899281,0.0007053219139149403,0.007751013079834572,507.0,212.0
264,구로구,구로4동,0.46,23745,0.46,51620,0.024089281954095598,0.36542429985260055,50.1,0.040303221730890716,19093.478260869564,0.19882981249899281,0.0007053219139149403,0.007751013079834572,507.0,212.0
265,구로구,구로5동,1.03,31822,1.03,30895,0.027276726792784867,0.17720444975174407,42.5,0.015586701024448495,0.0,0.19882981249899281,0.0007053219139149403,0.007751013079834572,507.0,212.0
266,구로구,고척1동,1.16,22657,1.16,19532,0.03168998543496491,0.03107207485545306,47.1,0.02943902546674317,9818.96551724138,0.1514003528350495,0.03245713379156015,0.11770080008292279,416.0,119.0
267,구로구,고척2동,1.02,27092,1.02,26561,0.031817510704266944,0.04820611250553669,48.2,0.043407648014173926,4378.431372549019,0.1514003528350495,0.03245713379156015,0.11770080008292279,416.0,119.0
268,구로구,개봉2동,0.8,31314,0.8,39143,0.024398032828766687,0.0349045155521492,47.7,0.025898958932107044,1700.0,0.16441811725494487,0.1120046683708645,0.07721639089839956,496.0,146.0
269,구로구,개봉3동,0.81,20590,0.81,25420,0.030985915492957747,0.04579893152015541,48.8,0.03195726080621661,0.0,0.16441811725494487,0.1120046683708645,0.07721639089839956,496.0,146.0
270,구로구,오류1동,0.59,23155,0.59,39246,0.02815806521269704,0.06171453249838048,41.9,0.047462751025696394,6322.033898305085,0.11263581736324399,0.25451050072299714,0.013885773419511232,464.0,66.0
271,구로구,오류2동,3.2,39026,3.2,12196,0.03402859632040178,0.04374007072208271,45.1,0.04545687490391021,0.0,0.10078398743470371,0.24795738569770676,0.05364442383633864,380.0,57.0
272,구로구,수궁동,2.67,23806,2.67,8916,0.028228177770310007,0.03410904813912459,46.9,0.03910778795261699,0.0,0.08125101658965742,0.41146592227895684,0.01966167642015602,431.0,18.0
273,구로구,가리봉동,0.4,13091,0.4,32728,0.015583225116492247,0.5983500114582537,50.9,0.04911771446031625,5740.0,0.23039103867557906,0.003834505205493952,0.0005978397892271721,467.0,6.0
274,구로구,개봉1동,1.31,34560,1.31,26382,0.024681712962962964,0.056394675925925924,46.4,0.04759837962962963,0.0,0.16441811725494487,0.1120046683708645,0.07721639089839956,496.0,146.0
275,구로구,항동,1.4,16476,1.4,11769,0.05420004855547463,0.026098567613498422,38.4,0.03629521728574897,0.0,0.05442158018342409,0.38025976724391486,0.07147456750951435,555.0,35.0
276,금천구,가산동,2.52,26179,2.52,10388,0.031208220329271553,0.19019061079491195,35.9,0.03059704343175828,0.0,0.16962674155356947,7.2709588368373e-05,0.0014504569579102866,775.0,39.0
277,금천구,독산1동,2.09,46698,2.09,22344,0.025846931346096193,0.08244464431024884,39.4,0.03779605122275044,8899.52153110048,0.20426745181535533,0.047546249545098326,0.03703782476842849,599.0,149.0
278,금천구,독산2동,0.6,20175,0.6,33625,0.0322180916976456,0.16540272614622056,49.2,0.0658736059479554,0.0,0.20426745181535533,0.047546249545098326,0.03703782476842849,599.0,149.0
279,금천구,독산3동,0.92,27595,0.92,29995,0.01895270882406233,0.26928791447726036,48.6,0.03993477079181011,14216.304347826086,0.20426745181535533,0.047546249545098326,0.03703782476842849,599.0,149.0
280,금천구,독산4동,0.59,16778,0.59,28437,0.035641912027655265,0.21444749076171177,50.0,0.05477410895219931,13530.508474576272,0.20426745181535533,0.047546249545098326,0.03703782476842849,599.0,149.0
281,금천구,시흥1동,1.71,34533,1.71,20195,0.022413343758144383,0.11357252483132077,47.2,0.04711435438566009,24321.052631578947,0.11885564574951776,0.4008220862676728,0.012870895842916796,433.0,183.0
282,금천구,시흥2동,1.26,21351,1.26,16945,0.02257505503255117,0.01648634724368882,48.1,0.060652896819821084,0.0,0.11885564574951776,0.4008220862676728,0.012870895842916796,433.0,183.0
283,금천구,시흥3동,1.07,10951,1.07,10235,0.030864761209022006,0.03552187014884486,50.6,0.0378047666879737,0.0,0.11885564574951776,0.4008220862676728,0.012870895842916796,433.0,183.0
284,금천구,시흥4동,0.87,20916,0.87,24041,0.0403518837253777,0.07893478676611207,49.9,0.06095811818703385,0.0,0.11885564574951776,0.4008220862676728,0.012870895842916796,433.0,183.0
285,금천구,시흥5동,1.39,19715,1.39,14183,0.0576211006847578,0.06943951306112098,50.7,0.08967791022064418,1584.1726618705038,0.11885564574951776,0.4008220862676728,0.012870895842916796,433.0,183.0
286,영등포구,여의동,8.4,33420,8.4,3979,0.08162776780371035,0.0,44.8,0.004039497307001795,0.0,0.10470730499069586,0.0,0.029942849529500253,662.0,115.0
287,영등포구,당산1동,0.75,20648,0.75,27531,0.033514141805501746,0.03830879504068191,41.4,0.02755714839209609,127166.66666666667,0.24567380940331582,0.0,0.01093854422768565,703.0,11.0
288,영등포구,당산2동,1.55,37911,1.55,24459,0.022658331355015694,0.02194613700509087,37.7,0.007755005143625861,0.0,0.23033648088759723,0.0,0.021053973082285415,773.0,28.0
289,영등포구,양평1동,0.88,18487,0.88,21008,0.02791150538216044,0.02850651809379564,38.2,0.016984908313950345,0.0,0.2675806199032942,0.0,0.019239363586875193,733.0,15.0
290,영등포구,양평2동,3.0,22499,3.0,7500,0.028712387217209655,0.017823014356193607,38.0,0.012356104715765145,0.0,0.2050194695036648,0.004029327261789895,0.016909409714553802,757.0,18.0
291,영등포구,신길1동,0.66,18755,0.66,28417,0.022394028259130897,0.15867768595041323,43.8,0.05081311650226606,19648.484848484848,0.22862938665789345,0.006017484264728211,0.021717046452803736,555.0,221.0
292,영등포구,신길3동,0.52,17575,0.52,33798,0.019687055476529162,0.12927453769559033,46.6,0.046145092460881935,3609.6153846153843,0.22862938665789345,0.006017484264728211,0.021717046452803736,555.0,221.0
293,영등포구,신길4동,0.38,13089,0.38,34445,0.03858201543280617,0.12720605088242035,46.8,0.054014821605928645,0.0,0.22862938665789345,0.006017484264728211,0.021717046452803736,555.0,221.0
294,영등포구,신길5동,0.47,11701,0.47,24896,0.018801811810956328,0.19203486881463122,47.5,0.049312024613280915,0.0,0.213699738954715,0.0030087421323641054,0.017647110686871678,500.0,146.0
295,영등포구,신길6동,0.65,19869,0.65,30568,0.0335195530726257,0.09532437465398359,44.1,0.026624389752881374,0.0,0.22862938665789345,0.006017484264728211,0.021717046452803736,555.0,221.0
296,영등포구,신길7동,0.64,20158,0.64,31497,0.022075602738366902,0.022422859410655818,41.0,0.014336739755928167,0.0,0.22862938665789345,0.006017484264728211,0.021717046452803736,555.0,221.0
297,영등포구,대림1동,0.49,17067,0.49,34831,0.02455030175191891,0.31405636608659987,48.8,0.03726489716997715,6104.081632653061,0.19877009125153658,0.0,0.013577174920939624,444.0,71.0
298,영등포구,대림2동,0.55,18162,0.55,33022,0.01646294460962449,0.7117057592776126,50.2,0.02846602797048783,5407.272727272727,0.19877009125153658,0.0,0.013577174920939624,444.0,71.0
299,영등포구,대림3동,0.95,25876,0.95,27238,0.02527438553099397,0.29424949760395736,49.3,0.03512907713711547,0.0,0.19877009125153658,0.0,0.013577174920939624,444.0,71.0
300,영등포구,영등포본동,1.02,23152,1.02,22698,0.019695922598479614,0.18071872840359365,47.4,0.04405666897028335,0.0,0.1862503268061645,0.0032817035907163946,0.0794960850020017,634.0,123.0
301,영등포구,영등포동,1.26,29901,1.26,23731,0.012675161365840607,0.038092371492592224,35.0,0.054680445470051166,76456.3492063492,0.30958400028530747,6.0658101856064227e-05,0.01993164994789642,836.0,10.0
302,영등포구,도림동,0.89,19826,0.89,22276,0.022596590335922526,0.2285887218803591,45.7,0.04045193180671845,4669.662921348315,0.1947172661005353,0.0005384339961450164,0.01247621208796211,476.0,30.0
303,영등포구,문래동,1.49,32812,1.49,22021,0.031726197732536876,0.014293551139826893,41.2,0.008411556747531392,1273.1543624161075,0.2360197929421317,0.0,0.01107634845051609,562.0,15.0
304,동작구,노량진2동,0.64,11550,0.64,18047,0.009870129870129871,0.11385281385281386,45.1,0.07653679653679654,0.0,0.19779879588153104,0.002166273888978838,0.032690224605600504,479.0,181.0
305,동작구,상도1동,1.51,45485,1.51,30123,0.022732769044740024,0.04729031548862262,39.7,0.02706386720896999,6684.1059602649,0.22836534631808741,0.0626240613849961,0.03417590038860244,583.0,113.0
306,동작구,상도2동,0.98,28362,0.98,28941,0.026831676186446655,0.020097313306536916,41.9,0.018404907975460124,0.0,0.13180247755055566,0.1252481227699922,0.05337681786355553,601.0,199.0
307,동작구,상도3동,0.6,24846,0.6,41410,0.019238509216775335,0.030185945423810673,44.3,0.04592288497142397,18641.666666666668,0.13180247755055566,0.1252481227699922,0.05337681786355553,601.0,199.0
308,동작구,상도4동,0.75,28914,0.75,38552,0.02517811440824514,0.02856747596320122,44.3,0.04793525627723594,0.0,0.13180247755055566,0.1252481227699922,0.05337681786355553,601.0,199.0
309,동작구,사당1동,0.79,23321,0.79,29520,0.02152566356502723,0.04386604348012521,39.8,0.033617769392393124,5351.898734177215,0.14528618817634134,0.23034150273831958,0.018536516605886556,633.0,214.0
310,동작구,사당3동,0.92,24548,0.92,26683,0.018698060941828253,0.02097930584976373,44.0,0.02383086198468307,0.0,0.14528618817634134,0.23034150273831958,0.018536516605886556,633.0,214.0
311,동작구,사당4동,0.38,14301,0.38,37634,0.030277602964827635,0.024403887840011188,44.1,0.03936787637228166,19413.157894736843,0.14528618817634134,0.23034150273831958,0.018536516605886556,633.0,214.0
312,동작구,사당5동,0.57,14558,0.57,25540,0.018065668361038605,0.017996977606814124,42.8,0.025896414342629483,0.0,0.14528618817634134,0.23034150273831958,0.018536516605886556,633.0,214.0
313,동작구,대방동,1.55,38338,1.55,24734,0.013954822891126298,0.021101778913871355,42.7,0.03962126349835672,0.0,0.1599643257387547,0.0011330348193884343,0.07486256398722663,604.0,158.0
314,동작구,신대방1동,0.62,24999,0.62,40321,0.02296091843673747,0.1626065042601704,44.9,0.023880955238209527,0.0,0.11412337254553394,0.005769033826319837,0.25348448676974683,543.0,93.0
315,동작구,신대방2동,1.03,21404,1.03,20781,0.026677256587553728,0.025836292281816484,40.4,0.027518220893290972,0.0,0.11412337254553394,0.005769033826319837,0.25348448676974683,543.0,93.0
316,동작구,흑석동,1.68,33293,1.68,19817,0.023818820773135494,0.07665274982729102,43.1,0.02592136485147028,0.0,0.12884878532759508,0.10978224919674459,0.04861449277518573,714.0,66.0
317,동작구,노량진1동,1.58,32298,1.58,20442,0.018515078333023717,0.019227196730447704,42.4,0.03755650504675212,5125.316455696202,0.2043217710437396,0.026973995838186257,0.03817642288115221,559.0,99.0
318,동작구,사당2동,2.75,28147,2.75,10235,0.018971826482395992,0.029630155966888123,45.6,0.020925853554552884,3994.181818181818,0.12258077992131604,0.34053793325741694,0.019844706277508516,755.0,110.0
319,관악구,보라매동,0.76,24918,0.76,32787,0.02460069026406614,0.04085400112368569,42.6,0.04647242956898628,0.0,0.13395080223762268,0.29992597032841956,0.04261561836055915,580.0,429.0
320,관악구,청림동,0.3,15214,0.3,50713,0.02477980807151308,0.01616931773366636,44.3,0.04075193900354936,0.0,0.13395080223762268,0.29992597032841956,0.04261561836055915,580.0,429.0
321,관악구,행운동,0.72,29413,0.72,40851,0.015605344575527829,0.03178866487607521,36.6,0.035358514942372424,0.0,0.13395080223762268,0.29992597032841956,0.04261561836055915,580.0,429.0
322,관악구,낙성대동,2.27,17434,2.27,7680,0.04955833428931972,0.1176436847539291,32.6,0.025467477343122633,0.0,0.13395080223762268,0.29992597032841956,0.04261561836055915,580.0,429.0
323,관악구,중앙동,0.39,15487,0.39,39710,0.00929812100471363,0.04855685413572674,35.3,0.03925873313101311,8733.333333333334,0.13395080223762268,0.29992597032841956,0.04261561836055915,580.0,429.0
324,관악구,인헌동,1.08,26154,1.08,24217,0.014491091228875125,0.02332339221533991,38.8,0.029096887665366673,10935.185185185184,0.13395080223762268,0.29992597032841956,0.04261561836055915,580.0,429.0
325,관악구,남현동,3.27,18274,3.27,5588,0.01608843165152676,0.023749589580825216,39.4,0.019973733172813833,0.0,0.04140699950879383,0.833222182372091,0.001737779873607052,691.0,26.0
326,관악구,서원동,0.65,23278,0.65,35812,0.020663287223988316,0.053827648423404074,36.2,0.03943637769567832,26330.76923076923,0.07634585286973881,0.6005477641189269,0.014522008490636604,499.0,326.0
327,관악구,신원동,0.55,18675,0.55,33955,0.016760374832663988,0.10120481927710843,40.2,0.0601338688085676,10389.090909090908,0.07634585286973881,0.6005477641189269,0.014522008490636604,499.0,326.0
328,관악구,서림동,0.99,23689,0.99,23928,0.012410823589007556,0.04449322470344886,38.3,0.05065642281227574,5104.040404040404,0.07634585286973881,0.6005477641189269,0.014522008490636604,499.0,326.0
329,관악구,관악구신사동,0.64,24838,0.64,38809,0.020613575972300506,0.196151058861422,39.5,0.05028585232305339,11806.25,0.0,0.0,0.0,0.0,0.0
330,관악구,신림동,0.54,23128,0.54,42830,0.007393635420269802,0.05370114147353857,32.0,0.036579038395019026,0.0,0.07634585286973881,0.6005477641189269,0.014522008490636604,499.0,326.0
331,관악구,난향동,0.8,15420,0.8,19275,0.031776913099870296,0.02172503242542153,46.8,0.042412451361867706,0.0,0.07634585286973881,0.6005477641189269,0.014522008490636604,499.0,326.0
332,관악구,조원동,0.67,18786,0.67,28039,0.02006813584584265,0.1627807942084531,40.0,0.03853933780474822,23877.611940298506,0.07634585286973881,0.6005477641189269,0.014522008490636604,499.0,326.0
333,관악구,대학동,8.3,24921,8.3,3003,0.008948276553910357,0.047229244412343004,36.4,0.05429156133381485,0.0,0.07634585286973881,0.6005477641189269,0.014522008490636604,499.0,326.0
334,관악구,은천동,0.78,33631,0.78,43117,0.01926793731973477,0.03178614968332788,43.5,0.04870506378044066,6585.897435897436,0.13395080223762268,0.29992597032841956,0.04261561836055915,580.0,429.0
335,관악구,성현동,0.68,29394,0.68,43226,0.0210587194665578,0.017860787915901205,45.8,0.05341226100564741,0.0,0.13395080223762268,0.29992597032841956,0.04261561836055915,580.0,429.0
336,관악구,청룡동,1.18,36482,1.18,30917,0.015651554191107944,0.05693218573543117,33.6,0.031960967052244944,2983.898305084746,0.13395080223762268,0.29992597032841956,0.04261561836055915,580.0,429.0
337,관악구,난곡동,0.96,27216,0.96,28350,0.020870076425631982,0.039829512051734274,48.1,0.07892416225749559,1900.0,0.07634585286973881,0.6005477641189269,0.014522008490636604,499.0,326.0
338,관악구,삼성동,2.66,22041,2.66,8286,0.018783176806859942,0.019554466675740664,52.8,0.07313642756680731,648.8721804511277,0.07634585286973881,0.6005477641189269,0.014522008490636604,499.0,326.0
339,관악구,미성동,1.38,31056,1.38,22504,0.020318134981968057,0.04359866048428645,46.1,0.04353426069036579,0.0,0.07634585286973881,0.6005477641189269,0.014522008490636604,499.0,326.0
340,서초구,서초1동,1.42,20711,1.42,14585,0.0329776447298537,0.021003331562937568,42.3,0.01718893341702477,0.0,0.19639554474557805,0.155195906722212,0.01317057422152224,942.0,542.0
341,서초구,서초2동,1.24,26595,1.24,21448,0.030945666478661402,0.026546343297612334,39.9,0.005903365294228239,0.0,0.19639554474557805,0.155195906722212,0.01317057422152224,942.0,542.0
342,서초구,서초3동,2.93,32769,2.93,11184,0.022368702127010285,0.022368702127010285,41.7,0.010955476212273796,0.0,0.17142100955745637,0.24967317768008732,0.009653391791819007,876.0,481.0
343,서초구,서초4동,0.88,31089,0.88,35328,0.012222972755637043,0.020232236482357103,43.0,0.002251600244459455,0.0,0.19639554474557805,0.155195906722212,0.01317057422152224,942.0,542.0
344,서초구,잠원동,1.76,26946,1.76,15310,0.016922734357604097,0.018592741037630818,43.1,0.009426259927261932,0.0,0.21114429758400832,0.0,0.013336778797417747,987.0,293.0
345,서초구,반포본동,1.01,2000,1.01,1980,0.0,0.0305,45.9,0.005,0.0,0.17529325394284026,0.05109213485325473,0.022041199773192317,1132.0,425.0
346,서초구,반포1동,1.0,34815,1.0,34815,0.022662645411460576,0.02392646847623151,40.5,0.01315524917420652,0.0,0.17529325394284026,0.05109213485325473,0.022041199773192317,1132.0,425.0
347,서초구,반포2동,1.35,15801,1.35,11704,0.030061388519713943,0.028858932978925386,42.6,0.00044300993607999494,0.0,0.17529325394284026,0.05109213485325473,0.022041199773192317,1132.0,425.0
348,서초구,반포3동,1.28,22245,1.28,17379,0.022342099348168127,0.010114632501685773,44.0,0.0018431108114182963,11964.84375,0.21114429758400832,0.0,0.013336778797417747,987.0,293.0
349,서초구,반포4동,1.43,19807,1.43,13851,0.040894633210481146,0.05210279194224264,43.3,0.005907002574847276,0.0,0.17529325394284026,0.05109213485325473,0.022041199773192317,1132.0,425.0
350,서초구,방배본동,0.67,21083,0.67,31467,0.008585115970212968,0.02210311625480245,44.0,0.017122800360480007,7400.0,0.14644647436933467,0.3441504486379626,0.006136209362115775,810.0,420.0
351,서초구,방배1동,0.7,16980,0.7,24257,0.0107773851590106,0.020082449941107184,43.3,0.01884570082449941,0.0,0.14644647436933467,0.3441504486379626,0.006136209362115775,810.0,420.0
352,서초구,방배2동,1.93,19474,1.93,10090,0.035637259936325355,0.016945671151278627,45.2,0.025315805689637465,0.0,0.14644647436933467,0.3441504486379626,0.006136209362115775,810.0,420.0
353,서초구,방배3동,2.4,18861,2.4,7859,0.02937277981019034,0.014315253698107206,45.8,0.007263665765335878,0.0,0.14644647436933467,0.3441504486379626,0.006136209362115775,810.0,420.0
354,서초구,방배4동,0.98,23817,0.98,24303,0.018642146366041064,0.023470630222110257,43.2,0.014065583406810262,0.0,0.14644647436933467,0.3441504486379626,0.006136209362115775,810.0,420.0
355,서초구,양재1동,5.76,43408,5.76,7536,0.02538702543309989,0.019812016218208627,43.6,0.05282436417250277,195.65972222222223,0.14739692579532404,0.3544083384271972,0.07234693802073222,689.0,89.0
356,서초구,양재2동,7.58,22144,7.58,2921,0.02623735549132948,0.019553829479768785,41.7,0.03061777456647399,0.0,0.13192070973163622,0.45422937586245304,0.052144004613627226,703.0,108.0
357,서초구,내곡동,12.68,17622,12.68,1390,0.06179775280898876,0.015265009647032118,44.3,0.04624900692316423,0.0,0.08513114320851152,0.5712219482484479,0.014437211683394534,618.0,9.0
358,강남구,강남구신사동,1.89,16213,1.89,8578,0.017023376302966756,0.031024486523160425,45.1,0.015173009313513846,1952.3809523809525,0.0,0.0,0.0,0.0,0.0
359,강남구,논현1동,1.25,22702,1.25,18162,0.012818253898334948,0.046427627521804245,39.1,0.03823451678266232,10480.0,0.2564277936084372,0.0,0.014901514407126778,775.0,180.0
360,강남구,논현2동,1.47,21331,1.47,14511,0.010454268435610144,0.031690966199428065,41.6,0.022924382354320004,826.530612244898,0.2564277936084372,0.0,0.014901514407126778,775.0,180.0
361,강남구,삼성1동,1.94,13136,1.94,6771,0.04004263093788063,0.03616017052375152,44.3,0.012789281364190013,0.0,0.20917814805144982,0.0,0.07898591108977114,966.0,138.0
362,강남구,삼성2동,1.24,30692,1.24,24752,0.02544637038967809,0.021243320735044962,41.4,0.015183109605108823,0.0,0.20917814805144982,0.0,0.07898591108977114,966.0,138.0
363,강남구,대치1동,0.79,24199,0.79,30632,0.014917971817017232,0.008760692590602918,43.2,0.0007025083681143849,0.0,0.19067464846851714,0.0005815832754057928,0.020286204910646522,994.0,1626.0
364,강남구,대치2동,2.0,36663,2.0,18332,0.015819763794561275,0.010555601014646919,44.6,0.003845839129367482,5046.0,0.19067464846851714,0.0005815832754057928,0.020286204910646522,994.0,1626.0
365,강남구,대치4동,0.73,20079,0.73,27505,0.0362069824194432,0.025947507345983365,40.6,0.03272075302554908,0.0,0.19067464846851714,0.0005815832754057928,0.020286204910646522,994.0,1626.0
366,강남구,역삼1동,2.35,36590,2.35,15570,0.01918556982782181,0.04227931128723695,37.4,0.029379611915823996,5237.021276595745,0.2435620782174856,0.0,0.01613027599566699,972.0,407.0
367,강남구,역삼2동,1.15,36378,1.15,31633,0.015806256528671174,0.01855517070757051,41.2,0.01566881081972621,2278.2608695652175,0.2435620782174856,0.0,0.01613027599566699,972.0,407.0
368,강남구,도곡1동,1.02,21539,1.02,21117,0.01188541715028553,0.014810344027113608,42.7,0.007289103486698547,0.0,0.1807730403891503,0.1667016526639261,0.02309934521718846,1075.0,164.0
369,강남구,도곡2동,1.02,33261,1.02,32609,0.009260094404858542,0.016866600523135204,44.0,0.002465349809085716,0.0,0.1807730403891503,0.1667016526639261,0.02309934521718846,1075.0,164.0
370,강남구,개포1동,1.27,6489,1.27,5109,0.0,0.013407304669440592,49.0,0.024965325936199722,0.0,0.12091170711033114,0.3077327552067039,0.08944099131565746,952.0,196.0
371,강남구,개포2동,2.51,27945,2.51,11133,0.012381463589193058,0.009554482018250134,43.1,0.006226516371443907,2390.438247011952,0.1347474323693335,0.2808594181355166,0.0635410618250714,1002.0,151.0
372,강남구,개포4동,1.49,23870,1.49,16020,0.02932551319648094,0.015710096355257646,43.1,0.02987012987012987,0.0,0.12091170711033114,0.3077327552067039,0.08944099131565746,952.0,196.0
373,강남구,일원본동,2.58,23291,2.58,9028,0.03400455111416427,0.006869606285689752,43.2,0.005366879910695118,0.0,0.1447088780777257,0.3243395012279077,0.043003404248565795,959.0,67.0
374,강남구,일원1동,0.92,15214,0.92,16537,0.032535822268962795,0.020113053766267912,47.2,0.11147627185487051,0.0,0.1447088780777257,0.3243395012279077,0.043003404248565795,959.0,67.0
375,강남구,일원2동,1.24,17585,1.24,14181,0.02632925789024737,0.01040659653113449,45.4,0.07455217514927495,0.0,0.15338983773572804,0.18743347318214634,0.04912277618692978,1000.0,643.0
376,강남구,수서동,1.43,14870,1.43,10399,0.029791526563550774,0.014929388029589779,56.4,0.22710154673839947,0.0,0.14083459852711552,0.3946929213914861,0.04836567616264625,866.0,28.0
377,강남구,세곡동,6.36,43396,6.36,6823,0.03101668356530556,0.012190063600331829,42.5,0.053968107659692136,0.0,0.10231400263789914,0.3371222403378627,0.05081402242035782,675.0,28.0
378,강남구,압구정동,2.53,26446,2.53,10453,0.011911064055055586,0.02348181199425244,45.9,0.005747561067836346,813.8339920948617,0.1626328915362246,0.0,0.01767909690828922,673.0,304.0
379,강남구,청담동,2.33,25911,2.33,11121,0.013893713094824591,0.026475242175137973,42.6,0.0093782563390066,1231.7596566523605,0.21689842662134987,0.0,0.0309608238124968,990.0,119.0
380,송파구,풍납1동,0.77,13451,0.77,17469,0.015835253884469557,0.09634971377592744,49.9,0.038807523604193,30740.25974025974,0.17993855494373237,0.0007252645327055686,0.010676708730029126,555.0,83.0
381,송파구,풍납2동,1.59,24953,1.59,15694,0.048050334629102714,0.01522862982406925,42.6,0.02280286939446159,0.0,0.17993855494373237,0.0007252645327055686,0.010676708730029126,555.0,83.0
382,송파구,거여1동,0.51,12614,0.51,24733,0.04923101315998098,0.015062628825114952,48.0,0.04439511653718091,0.0,0.1714355641023958,0.23268826912730264,0.04002569347743298,559.0,97.0
383,송파구,거여2동,0.53,18806,0.53,35483,0.03589280017015846,0.01047538019780921,44.8,0.04269913857279592,0.0,0.1714355641023958,0.23268826912730264,0.04002569347743298,559.0,97.0
384,송파구,마천1동,0.58,19071,0.58,32881,0.02422526348906717,0.023124115148655026,50.7,0.08594200618740495,0.0,0.2027424146672175,0.04550709775187507,0.1704739618459435,353.0,51.0
385,송파구,마천2동,0.89,18866,0.89,21198,0.028463903318138452,0.021944238312307855,51.3,0.0799851584861656,20930.337078651686,0.2027424146672175,0.04550709775187507,0.1704739618459435,353.0,51.0
386,송파구,방이1동,0.5,15766,0.5,31532,0.014017506025624762,0.013066091589496384,43.3,0.020804262336673856,0.0,0.15215652385035558,0.005697349693906216,0.13285623699542332,768.0,278.0
387,송파구,방이2동,0.8,27015,0.8,33769,0.022765130483064965,0.03560984638163983,38.7,0.03349990745881917,44531.25,0.15215652385035558,0.005697349693906216,0.13285623699542332,768.0,278.0
388,송파구,오륜동,3.17,18079,3.17,5703,0.005144089827977211,0.006250345704961558,45.6,0.0004978151446429559,0.0,0.15215652385035558,0.005697349693906216,0.13285623699542332,768.0,278.0
389,송파구,오금동,1.65,38654,1.65,23427,0.02333523050654525,0.01466859833393698,45.6,0.0415222227971232,0.0,0.23907395698983713,0.01181625824381838,0.17114878647082327,623.0,149.0
390,송파구,송파1동,0.79,24176,0.79,30603,0.0239493712772998,0.02870615486432826,39.9,0.02403209794837856,0.0,0.23889348012070727,0.010846406217504741,0.03935947162366101,710.0,161.0
391,송파구,송파2동,0.53,19283,0.53,36383,0.012394336980760255,0.016646787325623608,43.4,0.01861743504641394,0.0,0.23889348012070727,0.010846406217504741,0.03935947162366101,710.0,161.0
392,송파구,석촌동,0.95,32169,0.95,33862,0.023500885946097175,0.03661910534987099,41.0,0.030930398831172868,18771.578947368424,0.2679074797246561,0.0,0.05528352525913707,667.0,117.0
393,송파구,삼전동,0.95,30695,0.95,32311,0.02857142857142857,0.025606776347939404,40.8,0.03896400065157192,0.0,0.24618944310272986,0.0,0.015170016404953603,586.0,129.0
394,송파구,가락본동,1.13,26523,1.13,23472,0.02066131282283301,0.02473325038645704,43.6,0.027862609810353278,0.0,0.18380197713529378,0.0004982699833070815,0.041275228487382874,855.0,218.0
395,송파구,가락1동,1.34,27365,1.34,20422,0.029709482916133748,0.010597478530970218,41.0,0.004092819294719532,0.0,0.18380197713529378,0.0004982699833070815,0.041275228487382874,855.0,218.0
396,송파구,가락2동,0.96,32406,0.96,33756,0.031722520520891195,0.013238289205702648,42.6,0.0177744862062581,0.0,0.18380197713529378,0.0004982699833070815,0.041275228487382874,855.0,218.0
397,송파구,문정1동,0.56,20198,0.56,36068,0.018566194672739875,0.01817011585305476,43.4,0.019902960689177147,81874.99999999999,0.1846194255288822,0.000636053342651898,0.06818284924309652,745.0,173.0
398,송파구,문정2동,2.2,29072,2.2,13215,0.018780957622454596,0.016029168959823887,38.9,0.003302146395156852,0.0,0.21437688889423306,0.015069838460975843,0.07097488727499969,748.0,152.0
399,송파구,장지동,1.37,29693,1.37,21674,0.023608257838547805,0.013942680092951201,43.5,0.0565789916815411,0.0,0.21437688889423306,0.015069838460975843,0.07097488727499969,748.0,152.0
400,송파구,위례동,2.55,39206,2.55,15375,0.04489108809876039,0.011120746824465642,37.8,0.027801867061164106,0.0,0.20778495818098985,0.1310959463533012,0.05689630939216792,654.0,114.0
401,송파구,잠실본동,0.94,28439,0.94,30254,0.019023172404092972,0.035303632335876786,40.3,0.033369668413094696,21235.106382978724,0.18474559357616782,0.0,0.05319537426155883,927.0,265.0
402,송파구,잠실2동,2.18,35145,2.18,16122,0.012007397922890881,0.010357092047232893,42.0,0.0009389671361502347,0.0,0.18474559357616782,0.0,0.05319537426155883,927.0,265.0
403,송파구,잠실3동,1.49,34475,1.49,23138,0.012356780275562002,0.01305293691080493,44.6,0.0015663524292965918,0.0,0.18474559357616782,0.0,0.05319537426155883,927.0,265.0
404,송파구,잠실4동,1.56,21376,1.56,13703,0.025261976047904193,0.008982035928143712,42.4,0.0014502245508982035,0.0,0.09005768754503245,0.0,0.0349209495096393,989.0,108.0
405,송파구,잠실6동,2.79,16905,2.79,6059,0.03590653652765454,0.01715468796214138,44.8,0.0020112392783200234,0.0,0.09005768754503245,0.0,0.0349209495096393,989.0,108.0
406,송파구,잠실7동,0.6,9564,0.6,15940,0.0,0.011292346298619825,49.0,0.001150146382266834,0.0,0.18474559357616782,0.0,0.05319537426155883,927.0,265.0
407,강동구,길동,2.17,45973,2.17,21186,0.025819502751615077,0.01707523981467383,45.1,0.03560785678550454,2702.7649769585255,0.2328601562132457,0.1489770593215847,0.045943608267040414,644.0,93.0
408,강동구,강일동,2.26,32982,2.26,14594,0.036565399308713845,0.015099144988175368,43.4,0.0679158328785398,0.0,0.17324892923187069,0.04193962767006165,0.055688720054417676,348.0,72.0
409,강동구,명일1동,0.61,25941,0.61,42526,0.02451717358621487,0.007825450059750973,43.5,0.014455880652249335,3401.6393442622953,0.15614588503511806,0.20200984803959526,0.04156785410988727,649.0,344.0
410,강동구,명일2동,0.97,17568,0.97,18111,0.016336520947176685,0.005749089253187614,44.0,0.010188979963570127,0.0,0.15614588503511806,0.20200984803959526,0.04156785410988727,649.0,344.0
411,강동구,고덕1동,1.73,24417,1.73,14114,0.022279559323422207,0.01171315067371094,42.1,0.012655117336282098,0.0,0.11484405827341315,0.13958887838984183,0.08290906486659667,731.0,128.0
412,강동구,고덕2동,2.01,22329,2.01,11109,0.027721796766536792,0.0151372654395629,41.7,0.026333467687760313,0.0,0.11484405827341315,0.13958887838984183,0.08290906486659667,731.0,128.0
413,강동구,암사1동,1.02,34782,1.02,34100,0.03254556954746708,0.02072911275947329,45.9,0.05525846702317291,5035.294117647059,0.09091494136666403,0.08180649672551317,0.005663561309906799,613.0,194.0
414,강동구,암사2동,1.18,15252,1.18,12925,0.035798583792289534,0.008785733018620508,42.7,0.011146079202727512,0.0,0.09091494136666403,0.08180649672551317,0.005663561309906799,613.0,194.0
415,강동구,암사3동,2.51,17947,2.51,7150,0.02585390315930239,0.008190783975037612,43.4,0.007410709310748315,0.0,0.09091494136666403,0.08180649672551317,0.005663561309906799,613.0,194.0
416,강동구,천호1동,0.71,26973,0.71,37990,0.02925147369591814,0.022355689022355688,47.4,0.06150595039483928,0.0,0.17590092431576487,0.0004015601410686321,0.01331359436351788,669.0,122.0
417,강동구,천호2동,1.57,33753,1.57,21499,0.02456077978253785,0.0415666755547655,44.5,0.05931324622996474,0.0,0.17590092431576487,0.0004015601410686321,0.01331359436351788,669.0,122.0
418,강동구,천호3동,0.79,27000,0.79,34177,0.02422222222222222,0.035222222222222224,43.8,0.051925925925925924,11098.734177215189,0.17590092431576487,0.0004015601410686321,0.01331359436351788,669.0,122.0
419,강동구,성내1동,0.58,20045,0.58,34560,0.03861312047892242,0.017560488899975055,43.1,0.01651284609628336,5803.44827586207,0.28428500517308025,0.0002812677323735995,0.009560652655483884,657.0,189.0
420,강동구,성내2동,0.67,24106,0.67,35979,0.023604081971293454,0.0529743632290716,45.3,0.03857960673691197,4029.8507462686566,0.28428500517308025,0.0002812677323735995,0.009560652655483884,657.0,189.0
421,강동구,성내3동,0.71,23346,0.71,32882,0.028398869185299408,0.020260430052257347,45.2,0.03024072646277735,5570.422535211268,0.28428500517308025,0.0002812677323735995,0.009560652655483884,657.0,189.0
422,강동구,둔촌1동,0.92,144,0.92,157,0.0,0.0,46.8,0.006944444444444444,0.0,0.1295898317448651,0.21469813794920667,0.06659484630542906,627.0,69.0
423,강동구,둔촌2동,0.98,24785,0.98,25291,0.026386927577163606,0.015816017752672988,44.9,0.021625983457736534,0.0,0.1295898317448651,0.21469813794920667,0.06659484630542906,627.0,69.0
424,강동구,상일1동,2.65,38929,2.65,14690,0.02268231909373475,0.007963215083870637,41.3,0.010172365074879909,0.0,0.18878124366195126,0.24005300280650382,0.11250740554334017,638.0,63.0
425,강동구,상일2동,0.54,10200,0.54,188,0.059019607843137256,0.014509803921568627,40.8,0.06754901960784314,0.0,0.18878124366195126,0.24005300280650382,0.11250740554334017,638.0,63.0
